{
    "accuracy_metrics": {
        "f1": 0.4,
        "precision": 0.25,
        "recall": 1.0
    },
    "run_time": 32.43515433699986,
    "average_explanation_time": 0.8280130969999995
}