{
    "accuracy_metrics": {
        "f1": 0.0,
        "precision": 0.0,
        "recall": 0.0
    },
    "run_time": 33.287706038000124,
    "average_explanation_time": 0.028180906999999422
}