{
    "accuracy_metrics": {
        "f1": 1.0,
        "precision": 1.0,
        "recall": 1.0
    },
    "run_time": 346.5573094470001,
    "average_explanation_time": 0.024549855249995645
}