{
    "accuracy_metrics": {
        "f1": 0.0,
        "precision": 0.0,
        "recall": 0.0
    },
    "run_time": 85.11557394999994,
    "average_explanation_time": 0.022399709599998374
}