{
    "accuracy_metrics": {
        "f1": 0.25925925925925924,
        "precision": 0.19444444444444445,
        "recall": 0.3888888888888889
    },
    "run_time": 82.82975652600004,
    "average_explanation_time": 0.9199275883999973
}