{
    "accuracy_metrics": {
        "f1": 0.4,
        "precision": 0.25,
        "recall": 1.0
    },
    "run_time": 127.88670039899999,
    "average_explanation_time": 34.889233011
}