{
    "accuracy_metrics": {
        "accuracy": 0.9122807017543859,
        "f1": 0.9122807017543859,
        "precision": 0.9122807017543859,
        "recall": 0.9122807017543859
    },
    "run_time": 354.945141349,
    "average_explanation_time": 3.1586724476666665
}