{
    "accuracy_metrics": {
        "accuracy": 0.9122807017543859,
        "f1": 0.9122807017543859,
        "precision": 0.9122807017543859,
        "recall": 0.9122807017543859
    },
    "run_time": 180.58791679399985,
    "average_explanation_time": 0.20020040717543838
}