{
    "accuracy_metrics": {
        "accuracy": 0.6140350877192983,
        "f1": 0.6140350877192983,
        "precision": 0.6140350877192983,
        "recall": 0.6140350877192983
    },
    "run_time": 670.1892531400001,
    "average_explanation_time": 10.727981236263156
}