{
    "accuracy_metrics": {
        "f1": 0.0,
        "precision": 0.0,
        "recall": 0.0
    },
    "run_time": 32.448564164000004,
    "average_explanation_time": 0.7674627889999996
}