{
    "accuracy_metrics": {
        "accuracy": 0.8421052631578947,
        "f1": 0.8421052631578947,
        "precision": 0.8421052631578947,
        "recall": 0.8421052631578947
    },
    "run_time": 895.9382634080002,
    "average_explanation_time": 15.094829482228073
}