{
    "accuracy_metrics": {
        "f1": 0.2690058479532163,
        "precision": 0.20175438596491227,
        "recall": 0.40350877192982454
    },
    "run_time": 346.745519395,
    "average_explanation_time": 0.9007246480833316
}