{
    "accuracy_metrics": {
        "f1": 0.4,
        "precision": 0.25,
        "recall": 1.0
    },
    "run_time": 146.82513117500002,
    "average_explanation_time": 8.263557531099996
}