{
    "accuracy_metrics": {
        "accuracy": 0.9533333333333334,
        "f1": 0.9533333333333334,
        "precision": 0.9533333333333334,
        "recall": 0.9533333333333334
    },
    "run_time": 275.02772269900015,
    "average_explanation_time": 0.3528008916000006
}