{
    "accuracy_metrics": {
        "f1": 0.12962962962962962,
        "precision": 0.09722222222222222,
        "recall": 0.19444444444444445
    },
    "run_time": 82.82600042899998,
    "average_explanation_time": 2.4532591219999995
}