{
    "accuracy_metrics": {
        "f1": 0.4,
        "precision": 0.25,
        "recall": 1.0
    },
    "run_time": 178.773138713,
    "average_explanation_time": 2.3528427640833347
}