{
    "accuracy_metrics": {
        "accuracy": 0.7017543859649122,
        "f1": 0.7017543859649122,
        "precision": 0.7017543859649122,
        "recall": 0.7017543859649122
    },
    "run_time": 354.1875420920005,
    "average_explanation_time": 2.8944508929298243
}