{
    "accuracy_metrics": {
        "f1": 0.6198830409356725,
        "precision": 0.4649122807017544,
        "recall": 0.9298245614035088
    },
    "run_time": 178.91561284800002,
    "average_explanation_time": 0.7665938855833314
}