{
    "accuracy_metrics": {
        "f1": 0.04678362573099415,
        "precision": 0.03508771929824561,
        "recall": 0.07017543859649122
    },
    "run_time": 178.85571587799996,
    "average_explanation_time": 0.876411239083334
}