{
    "accuracy_metrics": {
        "accuracy": 0.14035087719298245,
        "f1": 0.14035087719298245,
        "precision": 0.14035087719298245,
        "recall": 0.14035087719298245
    },
    "run_time": 479.4395248430001,
    "average_explanation_time": 6.7114899860175425
}