{
    "accuracy_metrics": {
        "accuracy": 0.7543859649122807,
        "f1": 0.7543859649122807,
        "precision": 0.7543859649122807,
        "recall": 0.7543859649122807
    },
    "run_time": 867.2813454309999,
    "average_explanation_time": 14.574031596807018
}