{
    "accuracy_metrics": {
        "f1": 0.0,
        "precision": 0.0,
        "recall": 0.0
    },
    "run_time": 322.5783163189999,
    "average_explanation_time": 0.016403982583333605
}