{
    "accuracy_metrics": {
        "f1": 0.4,
        "precision": 0.25,
        "recall": 1.0
    },
    "run_time": 190.58155466699998,
    "average_explanation_time": 4.532628905875004
}