{
    "accuracy_metrics": {
        "f1": 0.3972125435540069,
        "precision": 0.24782608695652175,
        "recall": 1.0
    },
    "run_time": 190.56580606900002,
    "average_explanation_time": 4.3869273750000035
}