{
    "accuracy_metrics": {
        "f1": 0.6666666666666666,
        "precision": 0.5,
        "recall": 1.0
    },
    "run_time": 203.01078599000004,
    "average_explanation_time": 1.4557332701666603
}