{
    "accuracy_metrics": {
        "f1": 0.4,
        "precision": 0.25,
        "recall": 1.0
    },
    "run_time": 27.324381664999976,
    "average_explanation_time": 0.2939526689999994
}