{
    "accuracy_metrics": {
        "f1": 0.0,
        "precision": 0.0,
        "recall": 0.0
    },
    "run_time": 322.53239952900003,
    "average_explanation_time": 0.010288561916668826
}