{
    "accuracy_metrics": {
        "f1": 0.4,
        "precision": 0.25,
        "recall": 1.0
    },
    "run_time": 146.6067890879999,
    "average_explanation_time": 8.588805950800005
}