{
    "accuracy_metrics": {
        "f1": 0.0,
        "precision": 0.0,
        "recall": 0.0
    },
    "run_time": 32.413626742999995,
    "average_explanation_time": 0.05685968300000255
}