{
    "accuracy_metrics": {
        "accuracy": 0.15789473684210525,
        "f1": 0.15789473684210525,
        "precision": 0.15789473684210525,
        "recall": 0.15789473684210525
    },
    "run_time": 1074.3777403799995,
    "average_explanation_time": 17.544147308561406
}