{
    "accuracy_metrics": {
        "f1": 0.2857142857142857,
        "precision": 0.16666666666666666,
        "recall": 1.0
    },
    "run_time": 322.51794973999995,
    "average_explanation_time": 0.08947714599999361
}