{
    "accuracy_metrics": {
        "f1": 0.0,
        "precision": 0.0,
        "recall": 0.0
    },
    "run_time": 33.359372323000116,
    "average_explanation_time": 0.01353640399999989
}