{
    "accuracy_metrics": {
        "f1": 0.0,
        "precision": 0.0,
        "recall": 0.0
    },
    "run_time": 322.903655093,
    "average_explanation_time": 0.008980011500003826
}