{
    "accuracy_metrics": {
        "f1": 0.2222222222222222,
        "precision": 0.16666666666666666,
        "recall": 0.3333333333333333
    },
    "run_time": 32.73433081000002,
    "average_explanation_time": 4.424019256000001
}