{
    "accuracy_metrics": {
        "accuracy": 0.5,
        "f1": 0.5,
        "precision": 0.5,
        "recall": 0.5
    },
    "run_time": 39.062540971999624,
    "average_explanation_time": 2.9536754945
}