{
    "accuracy_metrics": {
        "f1": 0.0,
        "precision": 0.0,
        "recall": 0.0
    },
    "run_time": 347.48582610999983,
    "average_explanation_time": 0.011502687499994243
}