{
    "accuracy_metrics": {
        "f1": 0.0,
        "precision": 0.0,
        "recall": 0.0
    },
    "run_time": 176.081953484,
    "average_explanation_time": 0.005509214857141504
}