{
    "accuracy_metrics": {
        "f1": 0.0,
        "precision": 0.0,
        "recall": 0.0
    },
    "run_time": 176.20412870499996,
    "average_explanation_time": 0.005269769047619174
}