{
    "accuracy_metrics": {
        "f1": 1.0,
        "precision": 1.0,
        "recall": 1.0
    },
    "run_time": 176.316982557,
    "average_explanation_time": 0.005521154666665394
}