{
    "accuracy_metrics": {
        "f1": 0.5497076023391813,
        "precision": 0.41228070175438597,
        "recall": 0.8245614035087719
    },
    "run_time": 322.70376231900013,
    "average_explanation_time": 0.6079994655000011
}