{
    "accuracy_metrics": {
        "f1": 0.0,
        "precision": 0.0,
        "recall": 0.0
    },
    "run_time": 346.81543606199966,
    "average_explanation_time": 0.009814759750000235
}