{
    "accuracy_metrics": {
        "accuracy": 0.9649122807017544,
        "f1": 0.9649122807017544,
        "precision": 0.9649122807017544,
        "recall": 0.9649122807017544
    },
    "run_time": 348.23250766899946,
    "average_explanation_time": 1.279905240894737
}