{
    "accuracy_metrics": {
        "f1": 0.0,
        "precision": 0.0,
        "recall": 0.0
    },
    "run_time": 322.83679351699993,
    "average_explanation_time": 0.00978336099999074
}