{
    "accuracy_metrics": {
        "f1": 0.0,
        "precision": 0.0,
        "recall": 0.0
    },
    "run_time": 119.98711636899986,
    "average_explanation_time": 0.012990119250000376
}