{
    "accuracy_metrics": {
        "f1": 1.0,
        "precision": 1.0,
        "recall": 1.0
    },
    "run_time": 119.930322531,
    "average_explanation_time": 0.014463892625000696
}