{
    "accuracy_metrics": {
        "f1": 0.0,
        "precision": 0.0,
        "recall": 0.0
    },
    "run_time": 120.02939058900006,
    "average_explanation_time": 0.014677520374999808
}