{
    "accuracy_metrics": {
        "accuracy": 0.10526315789473684,
        "f1": 0.10526315789473684,
        "precision": 0.10526315789473684,
        "recall": 0.10526315789473684
    },
    "run_time": 264.9715823330007,
    "average_explanation_time": 1.4876301593333325
}