{
    "accuracy_metrics": {
        "accuracy": 0.9824561403508771,
        "f1": 0.9824561403508771,
        "precision": 0.9824561403508771,
        "recall": 0.9824561403508771
    },
    "run_time": 182.24238178199994,
    "average_explanation_time": 0.19900261101754355
}