{
    "accuracy_metrics": {
        "f1": 0.1111111111111111,
        "precision": 0.08333333333333333,
        "recall": 0.16666666666666666
    },
    "run_time": 32.428996691000066,
    "average_explanation_time": 2.00747668
}