{
    "accuracy_metrics": {
        "accuracy": 0.8947368421052632,
        "f1": 0.8947368421052632,
        "precision": 0.8947368421052632,
        "recall": 0.8947368421052632
    },
    "run_time": 182.00152734799985,
    "average_explanation_time": 0.19632490687719303
}