{
    "accuracy_metrics": {
        "f1": 0.0,
        "precision": 0.0,
        "recall": 0.0
    },
    "run_time": 25.008531945999948,
    "average_explanation_time": 0.002598905999999346
}