{
    "accuracy_metrics": {
        "f1": 0.631578947368421,
        "precision": 0.47368421052631576,
        "recall": 0.9473684210526315
    },
    "run_time": 178.60238776600022,
    "average_explanation_time": 0.7112414925000016
}