{
    "accuracy_metrics": {
        "f1": 0.05847953216374269,
        "precision": 0.043859649122807015,
        "recall": 0.08771929824561403
    },
    "run_time": 178.62949746899994,
    "average_explanation_time": 0.6838351225833327
}