{
    "accuracy_metrics": {
        "accuracy": 0.5614035087719298,
        "f1": 0.5614035087719298,
        "precision": 0.5614035087719298,
        "recall": 0.5614035087719298
    },
    "run_time": 205.7865593030001,
    "average_explanation_time": 1.3706795356666657
}