{
    "accuracy_metrics": {
        "f1": 0.0,
        "precision": 0.0,
        "recall": 0.0
    },
    "run_time": 33.381420612000056,
    "average_explanation_time": 0.015036311999999441
}