{
    "accuracy_metrics": {
        "f1": 0.2857142857142857,
        "precision": 0.16666666666666666,
        "recall": 1.0
    },
    "run_time": 322.95522316799975,
    "average_explanation_time": 0.0899913270833359
}