{
    "accuracy_metrics": {
        "accuracy": 0.7368421052631579,
        "f1": 0.7368421052631579,
        "precision": 0.7368421052631579,
        "recall": 0.7368421052631579
    },
    "run_time": 558.2698523980002,
    "average_explanation_time": 8.355483275473686
}