{
    "run_time": 28.08012868999998,
    "out_attribs": [
        {
            "X0": 0.12955092682784947,
            "X1": 0.04561368531334569,
            "X2": 3.0688682579191062,
            "X3": -0.6409484059585092,
            "X4": -2.0282755354692252
        },
        {
            "X0": -0.2954017199762647,
            "X1": 1.6232232248276184,
            "X2": -0.21473722439989643,
            "X3": -0.3584664155294859,
            "X4": -0.6654533734252354
        },
        {
            "X0": 0.044984488089211745,
            "X1": 0.08351182145870448,
            "X2": -0.04797329465393963,
            "X3": 0.005702762495492987,
            "X4": -0.05646368890853709
        }
    ],
    "outlier_index": [
        30,
        31,
        89
    ]
}