{
    "accuracy_metrics": {
        "f1": 0.3972125435540069,
        "precision": 0.24782608695652175,
        "recall": 1.0
    },
    "run_time": 262.43884867199995,
    "average_explanation_time": 0.7997460260526332
}