{
    "accuracy_metrics": {
        "f1": 0.3972125435540069,
        "precision": 0.24782608695652175,
        "recall": 1.0
    },
    "run_time": 263.08017158999974,
    "average_explanation_time": 0.9538946697368423
}