{
    "accuracy_metrics": {
        "f1": 0.4,
        "precision": 0.25,
        "recall": 1.0
    },
    "run_time": 264.5884180620001,
    "average_explanation_time": 0.8362690811052631
}