{
    "accuracy_metrics": {
        "accuracy": 0.24561403508771928,
        "f1": 0.24561403508771928,
        "precision": 0.24561403508771928,
        "recall": 0.24561403508771928
    },
    "run_time": 326.783337715,
    "average_explanation_time": 1.4065942195438599
}