{
    "accuracy_metrics": {
        "f1": 0.03508771929824561,
        "precision": 0.02631578947368421,
        "recall": 0.05263157894736842
    },
    "run_time": 178.67696647599996,
    "average_explanation_time": 0.7065776066666656
}