{
    "accuracy_metrics": {
        "accuracy": 1.0,
        "f1": 1.0,
        "precision": 1.0,
        "recall": 1.0
    },
    "run_time": 29.274551057999815,
    "average_explanation_time": 4.241774958
}