{
    "run_time": 29.274551057999815,
    "median_attribs": [
        {
            "X0": 0.6375422977375167,
            "X1": 0.014346721552776888,
            "X2": 0.9242388728696063,
            "X3": 3.140191923177649,
            "X4": -1.6955333679494307
        },
        {
            "X0": -0.1686898424006466,
            "X1": 0.7281004523527597,
            "X2": 1.315231554054271,
            "X3": -0.4511191676708296,
            "X4": -0.9346476631262111
        },
        {
            "X0": 0.0432404793155705,
            "X1": 0.028864231798942694,
            "X2": 0.7733497962828001,
            "X3": 0.0008051865247776377,
            "X4": -0.49810861219474906
        }
    ],
    "outlier_index": [
        14,
        49,
        75
    ]
}