{
    "accuracy_metrics": {
        "f1": 0.5029239766081871,
        "precision": 0.37719298245614036,
        "recall": 0.7543859649122807
    },
    "run_time": 262.85921084500023,
    "average_explanation_time": 0.45938952926315746
}