{
    "accuracy_metrics": {
        "f1": 0.023391812865497075,
        "precision": 0.017543859649122806,
        "recall": 0.03508771929824561
    },
    "run_time": 262.7986001620002,
    "average_explanation_time": 0.4684323879473661
}