{
    "accuracy_metrics": {
        "f1": 0.10588235294117646,
        "precision": 0.07964601769911504,
        "recall": 0.15789473684210525
    },
    "run_time": 262.56076928599987,
    "average_explanation_time": 0.4495602044736864
}