{
    "accuracy_metrics": {
        "f1": 0.0,
        "precision": 0.0,
        "recall": 0.0
    },
    "run_time": 178.73930055300002,
    "average_explanation_time": 0.010648399750001166
}