{
    "accuracy_metrics": {
        "f1": 0.0,
        "precision": 0.0,
        "recall": 0.0
    },
    "run_time": 178.66211842099995,
    "average_explanation_time": 0.009977466499999347
}