{
    "accuracy_metrics": {
        "accuracy": 0.8245614035087719,
        "f1": 0.8245614035087719,
        "precision": 0.8245614035087719,
        "recall": 0.8245614035087719
    },
    "run_time": 323.5097712859997,
    "average_explanation_time": 0.21602081935087744
}