{
    "accuracy_metrics": {
        "accuracy": 0.6666666666666666,
        "f1": 0.6666666666666666,
        "precision": 0.6666666666666666,
        "recall": 0.6666666666666666
    },
    "run_time": 40.98141064599986,
    "average_explanation_time": 3.2717722791666666
}