{
    "accuracy_metrics": {
        "accuracy": 0.7894736842105263,
        "f1": 0.7894736842105263,
        "precision": 0.7894736842105263,
        "recall": 0.7894736842105263
    },
    "run_time": 649.439277287,
    "average_explanation_time": 10.390687447491228
}