{
    "accuracy_metrics": {
        "f1": 0.0,
        "precision": 0.0,
        "recall": 0.0
    },
    "run_time": 32.38061616399999,
    "average_explanation_time": 0.03104094000000046
}