{
    "accuracy_metrics": {
        "f1": 0.14035087719298245,
        "precision": 0.10526315789473684,
        "recall": 0.21052631578947367
    },
    "run_time": 322.7371797840001,
    "average_explanation_time": 0.6017775669166655
}