{
    "accuracy_metrics": {
        "accuracy": 0.8070175438596491,
        "f1": 0.8070175438596491,
        "precision": 0.8070175438596491,
        "recall": 0.8070175438596491
    },
    "run_time": 2962.425940575,
    "average_explanation_time": 51.342964764578944
}