{
    "accuracy_metrics": {
        "accuracy": 0.14035087719298245,
        "f1": 0.14035087719298245,
        "precision": 0.14035087719298245,
        "recall": 0.14035087719298245
    },
    "run_time": 348.390234041,
    "average_explanation_time": 2.039452069982457
}