{
    "accuracy_metrics": {
        "f1": 0.08187134502923976,
        "precision": 0.06140350877192982,
        "recall": 0.12280701754385964
    },
    "run_time": 346.7509096910003,
    "average_explanation_time": 0.895278490333336
}