{
    "accuracy_metrics": {
        "f1": 0.0,
        "precision": 0.0,
        "recall": 0.0
    },
    "run_time": 178.57820252600004,
    "average_explanation_time": 0.008882759083332914
}