{
    "accuracy_metrics": {
        "f1": 0.0,
        "precision": 0.0,
        "recall": 0.0
    },
    "run_time": 178.61925444199915,
    "average_explanation_time": 0.01035688433333141
}