{
    "accuracy_metrics": {
        "accuracy": 0.9649122807017544,
        "f1": 0.9649122807017544,
        "precision": 0.9649122807017544,
        "recall": 0.9649122807017544
    },
    "run_time": 180.27613063099994,
    "average_explanation_time": 0.20145476449122823
}