{
    "accuracy_metrics": {
        "f1": 0.6666666666666666,
        "precision": 0.5,
        "recall": 1.0
    },
    "run_time": 322.9704285319999,
    "average_explanation_time": 0.4210128585833264
}