{
    "accuracy_metrics": {
        "f1": 0.0,
        "precision": 0.0,
        "recall": 0.0
    },
    "run_time": 322.57275204100006,
    "average_explanation_time": 1.2948060459999982
}