{
    "accuracy_metrics": {
        "f1": 0.0,
        "precision": 0.0,
        "recall": 0.0
    },
    "run_time": 283.365026541,
    "average_explanation_time": 0.012537105999999739
}