{
    "accuracy_metrics": {
        "f1": 0.0,
        "precision": 0.0,
        "recall": 0.0
    },
    "run_time": 346.8200878429998,
    "average_explanation_time": 0.012432206750001265
}