{
    "accuracy_metrics": {
        "f1": 0.0,
        "precision": 0.0,
        "recall": 0.0
    },
    "run_time": 347.47510554200016,
    "average_explanation_time": 0.013548216250001133
}