{
    "accuracy_metrics": {
        "f1": 0.24886877828054296,
        "precision": 0.14285714285714285,
        "recall": 0.9649122807017544
    },
    "run_time": 347.58453858199937,
    "average_explanation_time": 2.223685890583335
}