{
    "accuracy_metrics": {
        "accuracy": 0.8333333333333334,
        "f1": 0.8333333333333334,
        "precision": 0.8333333333333334,
        "recall": 0.8333333333333334
    },
    "run_time": 48.09676670099998,
    "average_explanation_time": 4.491958278333334
}