{
    "accuracy_metrics": {
        "f1": 0.631578947368421,
        "precision": 0.47368421052631576,
        "recall": 0.9473684210526315
    },
    "run_time": 322.6688078819998,
    "average_explanation_time": 1.4282131866666639
}