{
    "accuracy_metrics": {
        "accuracy": 0.7719298245614035,
        "f1": 0.7719298245614035,
        "precision": 0.7719298245614035,
        "recall": 0.7719298245614035
    },
    "run_time": 2981.894403879998,
    "average_explanation_time": 51.67633713642107
}