{
    "accuracy_metrics": {
        "f1": 0.3972125435540069,
        "precision": 0.24782608695652175,
        "recall": 1.0
    },
    "run_time": 183.26953754199985,
    "average_explanation_time": 2.213625344666669
}