{
    "accuracy_metrics": {
        "f1": 0.4,
        "precision": 0.25,
        "recall": 1.0
    },
    "run_time": 178.6533511770001,
    "average_explanation_time": 2.193771975750003
}