{
    "accuracy_metrics": {
        "f1": 0.3958333333333333,
        "precision": 0.24675324675324675,
        "recall": 1.0
    },
    "run_time": 202.78690331899998,
    "average_explanation_time": 9.345077944833339
}