{
    "accuracy_metrics": {
        "f1": 0.24830699774266368,
        "precision": 0.14248704663212436,
        "recall": 0.9649122807017544
    },
    "run_time": 347.10835071400015,
    "average_explanation_time": 2.393111267083331
}