{
    "accuracy_metrics": {
        "f1": 0.0,
        "precision": 0.0,
        "recall": 0.0
    },
    "run_time": 178.5533917849998,
    "average_explanation_time": 0.010585869083332552
}