{
    "accuracy_metrics": {
        "f1": 1.0,
        "precision": 1.0,
        "recall": 1.0
    },
    "run_time": 178.66655459999993,
    "average_explanation_time": 0.011330465583332838
}