{
    "accuracy_metrics": {
        "f1": 0.0,
        "precision": 0.0,
        "recall": 0.0
    },
    "run_time": 178.7964377420003,
    "average_explanation_time": 0.011153672333330533
}