{
    "accuracy_metrics": {
        "accuracy": 0.5416666666666666,
        "f1": 0.5416666666666666,
        "precision": 0.5416666666666666,
        "recall": 0.5416666666666666
    },
    "run_time": 183.5054551739995,
    "average_explanation_time": 2.1338120297916663
}