{
    "accuracy_metrics": {
        "f1": 0.3972125435540069,
        "precision": 0.24782608695652175,
        "recall": 1.0
    },
    "run_time": 121.18468750599993,
    "average_explanation_time": 5.1649594297500006
}