{
    "accuracy_metrics": {
        "f1": 0.3972125435540069,
        "precision": 0.24782608695652175,
        "recall": 1.0
    },
    "run_time": 119.23888940699999,
    "average_explanation_time": 5.0715483692499985
}