{
    "accuracy_metrics": {
        "f1": 0.4,
        "precision": 0.25,
        "recall": 1.0
    },
    "run_time": 120.983514012,
    "average_explanation_time": 5.302312167124999
}