{
    "accuracy_metrics": {
        "f1": 0.0,
        "precision": 0.0,
        "recall": 0.0
    },
    "run_time": 346.6494477849992,
    "average_explanation_time": 0.032743923666667264
}