{
    "accuracy_metrics": {
        "accuracy": 0.8596491228070176,
        "f1": 0.8596491228070176,
        "precision": 0.8596491228070176,
        "recall": 0.8596491228070176
    },
    "run_time": 435.6179402189996,
    "average_explanation_time": 6.050127176614036
}