{
    "accuracy_metrics": {
        "accuracy": 0.6388888888888888,
        "f1": 0.6388888888888888,
        "precision": 0.6388888888888888,
        "recall": 0.6388888888888888
    },
    "run_time": 143.12806663799984,
    "average_explanation_time": 0.4192340086250003
}