{
    "accuracy_metrics": {
        "accuracy": 0.8245614035087719,
        "f1": 0.8245614035087719,
        "precision": 0.8245614035087719,
        "recall": 0.8245614035087719
    },
    "run_time": 229.08539968500008,
    "average_explanation_time": 0.19534582064912287
}