{
    "accuracy_metrics": {
        "accuracy": 0.9473684210526315,
        "f1": 0.9473684210526315,
        "precision": 0.9473684210526315,
        "recall": 0.9473684210526315
    },
    "run_time": 228.086515512,
    "average_explanation_time": 0.19739913759648986
}