{
    "accuracy_metrics": {
        "f1": 0.0,
        "precision": 0.0,
        "recall": 0.0
    },
    "run_time": 24.789252024000234,
    "average_explanation_time": 0.141105103000001
}