{
    "accuracy_metrics": {
        "accuracy": 0.8771929824561403,
        "f1": 0.8771929824561403,
        "precision": 0.8771929824561403,
        "recall": 0.8771929824561403
    },
    "run_time": 179.09693608600003,
    "average_explanation_time": 0.20131479815789463
}