{
    "accuracy_metrics": {
        "accuracy": 0.8596491228070176,
        "f1": 0.8596491228070176,
        "precision": 0.8596491228070176,
        "recall": 0.8596491228070176
    },
    "run_time": 179.078731221,
    "average_explanation_time": 0.19877749898245636
}