{
    "accuracy_metrics": {
        "f1": 0.6352941176470589,
        "precision": 0.4778761061946903,
        "recall": 0.9473684210526315
    },
    "run_time": 322.62648738400003,
    "average_explanation_time": 1.2173610029166653
}