{
    "accuracy_metrics": {
        "accuracy": 0.16666666666666666,
        "f1": 0.16666666666666666,
        "precision": 0.16666666666666666,
        "recall": 0.16666666666666666
    },
    "run_time": 132.5217073979993,
    "average_explanation_time": 18.505528012499997
}