{
    "accuracy_metrics": {
        "f1": 0.16666666666666669,
        "precision": 0.09090909090909091,
        "recall": 1.0
    },
    "run_time": 323.43777288,
    "average_explanation_time": 0.08919469583333021
}