{
    "accuracy_metrics": {
        "accuracy": 0.3333333333333333,
        "f1": 0.3333333333333333,
        "precision": 0.3333333333333333,
        "recall": 0.3333333333333333
    },
    "run_time": 39.009646198000155,
    "average_explanation_time": 2.9458398696666666
}