{
    "accuracy_metrics": {
        "f1": 0.4,
        "precision": 0.25,
        "recall": 1.0
    },
    "run_time": 24.748500163000017,
    "average_explanation_time": 0.015854569999998347
}