{
    "accuracy_metrics": {
        "accuracy": 0.21052631578947367,
        "f1": 0.21052631578947367,
        "precision": 0.21052631578947367,
        "recall": 0.21052631578947367
    },
    "run_time": 146.56029553400003,
    "average_explanation_time": 1.4551733727368426
}