{
    "accuracy_metrics": {
        "f1": 0.0,
        "precision": 0.0,
        "recall": 0.0
    },
    "run_time": 32.434274285999976,
    "average_explanation_time": 0.644614163
}