{
    "accuracy_metrics": {
        "accuracy": 0.5,
        "f1": 0.5,
        "precision": 0.5,
        "recall": 0.5
    },
    "run_time": 32.90983728299997,
    "average_explanation_time": 0.8069625850000003
}