{
    "accuracy_metrics": {
        "accuracy": 0.8771929824561403,
        "f1": 0.8771929824561403,
        "precision": 0.8771929824561403,
        "recall": 0.8771929824561403
    },
    "run_time": 180.80120287800003,
    "average_explanation_time": 0.19983168200000073
}