{
    "accuracy_metrics": {
        "f1": 0.08187134502923976,
        "precision": 0.06140350877192982,
        "recall": 0.12280701754385964
    },
    "run_time": 202.64117404199988,
    "average_explanation_time": 0.5952731642000022
}