{
    "accuracy_metrics": {
        "f1": 0.631578947368421,
        "precision": 0.47368421052631576,
        "recall": 0.9473684210526315
    },
    "run_time": 202.46847661400034,
    "average_explanation_time": 0.5408230407333321
}