{
    "accuracy_metrics": {
        "f1": 0.04678362573099415,
        "precision": 0.03508771929824561,
        "recall": 0.07017543859649122
    },
    "run_time": 202.66030216700028,
    "average_explanation_time": 0.7597050132666657
}