{
    "accuracy_metrics": {
        "accuracy": 0.5964912280701754,
        "f1": 0.5964912280701754,
        "precision": 0.5964912280701754,
        "recall": 0.5964912280701754
    },
    "run_time": 188.78708925399997,
    "average_explanation_time": 1.3949838633157894
}