{
    "accuracy_metrics": {
        "f1": 0.3846153846153846,
        "precision": 0.25,
        "recall": 0.8333333333333334
    },
    "run_time": 32.519704586,
    "average_explanation_time": 1.9901181339999994
}