{
    "accuracy_metrics": {
        "accuracy": 0.8070175438596491,
        "f1": 0.8070175438596491,
        "precision": 0.8070175438596491,
        "recall": 0.8070175438596491
    },
    "run_time": 205.32666999699995,
    "average_explanation_time": 0.1908538296491228
}