{
    "accuracy_metrics": {
        "f1": 0.4,
        "precision": 0.25,
        "recall": 1.0
    },
    "run_time": 323.574707492,
    "average_explanation_time": 0.09323094749999505
}