{
    "accuracy_metrics": {
        "f1": 0.0,
        "precision": 0.0,
        "recall": 0.0
    },
    "run_time": 192.11865181200005,
    "average_explanation_time": 0.013843321500002226
}