{
    "accuracy_metrics": {
        "f1": 0.0,
        "precision": 0.0,
        "recall": 0.0
    },
    "run_time": 192.40535325099995,
    "average_explanation_time": 0.013274509749998664
}