{
    "accuracy_metrics": {
        "f1": 1.0,
        "precision": 1.0,
        "recall": 1.0
    },
    "run_time": 192.32713570300007,
    "average_explanation_time": 0.013433405750005623
}