{
    "accuracy_metrics": {
        "accuracy": 0.4444444444444444,
        "f1": 0.4444444444444444,
        "precision": 0.4444444444444444,
        "recall": 0.4444444444444444
    },
    "run_time": 83.68210084199995,
    "average_explanation_time": 0.4379879844999997
}