{
    "accuracy_metrics": {
        "accuracy": 0.6140350877192983,
        "f1": 0.6140350877192983,
        "precision": 0.6140350877192983,
        "recall": 0.6140350877192983
    },
    "run_time": 1772.6629447409996,
    "average_explanation_time": 30.389802732947363
}