{
    "accuracy_metrics": {
        "f1": 1.0,
        "precision": 1.0,
        "recall": 1.0
    },
    "run_time": 322.74677491,
    "average_explanation_time": 0.0069040957500021705
}