{
    "accuracy_metrics": {
        "accuracy": 0.8596491228070176,
        "f1": 0.8596491228070176,
        "precision": 0.8596491228070176,
        "recall": 0.8596491228070176
    },
    "run_time": 347.4589885579999,
    "average_explanation_time": 1.45599027117544
}