{
    "run_time": 3755.2351776349997,
    "median_attribs": [
        {
            "X0": 4.569867247929586e-05,
            "X40": 0.00014261248029613492,
            "X45": 0.24708736560910083,
            "X25": 6.185030585383617e-05,
            "X35": 0.00018753970455320256,
            "X30": 0.00011811748597414667,
            "X1": 0.00014159978144745065,
            "X41": 0.00016429148583269024,
            "X46": 0.00040011647545849343,
            "X26": 8.905658226483396e-05,
            "X36": 6.852439880622988e-05,
            "X31": 5.7726465465818845e-05,
            "X2": 0.00028841786681449904,
            "X27": 9.704131506140408e-05,
            "X32": 0.00020265969412175974,
            "X37": 3.5277202913544394e-05,
            "X42": -0.00015090318092583825,
            "X47": 0.026056279748050953,
            "X48": 0.12388337402501054,
            "X49": 0.9180635163038189
        },
        {
            "X0": 7.781492458139374e-05,
            "X40": 2.4960139637059926e-05,
            "X45": -0.1144209810833386,
            "X25": 3.4194741583692124e-05,
            "X35": 2.0735345918979134e-05,
            "X30": 1.7192709525079973e-05,
            "X1": 3.874606834205836e-06,
            "X41": -1.728777774622766e-06,
            "X46": 0.1106572041223574,
            "X26": -0.0007765182592596772,
            "X36": -7.718438571269987e-06,
            "X31": 5.2804589003507085e-05,
            "X2": 0.0002876571000906076,
            "X27": 0.006233307046798968,
            "X32": -2.4741192398223224e-05,
            "X37": 0.0002692706947338563,
            "X42": 0.008272559471813582,
            "X47": 0.15747036717647306,
            "X48": 0.09248607237971895,
            "X49": -0.13837482879976343
        },
        {
            "X0": 3.0585103358853336e-05,
            "X40": 0.00022788722434099537,
            "X45": -0.2447183727557847,
            "X25": 0.0002887633551647673,
            "X35": 0.0002548435212586086,
            "X30": 0.0001813576326687551,
            "X1": 0.00020571092482410486,
            "X41": 0.0001993035091447557,
            "X46": 0.0002938434127484936,
            "X26": 0.0003015571481735071,
            "X36": 8.684097778946895e-06,
            "X31": 0.0003505247548048279,
            "X2": 7.761185457880319e-05,
            "X27": -0.0003510664133109151,
            "X32": 0.00016490732781673505,
            "X37": 0.00042423496386602574,
            "X42": 0.0006319407575345971,
            "X47": 0.11735484997548336,
            "X48": 0.3811219137414673,
            "X49": 1.5372219001364942
        },
        {
            "X0": 0.00010619805005191246,
            "X40": 6.30346671998485e-06,
            "X45": -0.012690048445185276,
            "X25": 6.921354650925704e-05,
            "X35": 4.699733303124297e-05,
            "X30": 3.937267750925523e-05,
            "X1": -0.00010398077488756747,
            "X41": -2.1543642772474142e-05,
            "X46": 0.0002948222726023755,
            "X26": 0.00031019200135118093,
            "X36": 0.00019455152320235747,
            "X31": 5.197082669185216e-05,
            "X2": -0.00037741227501172133,
            "X27": -0.00033337984108672476,
            "X32": 0.00010794895539169934,
            "X37": 0.0008507151588333906,
            "X42": 0.023337999489899248,
            "X47": 0.0179904410273731,
            "X48": 0.09108051044293446,
            "X49": -0.0595904906214526
        },
        {
            "X0": 3.0691452210560916e-05,
            "X40": -3.5689411534108393e-06,
            "X45": 0.05384472512377185,
            "X25": 7.58643359635653e-05,
            "X35": 4.096998178413738e-05,
            "X30": 3.440370806806309e-05,
            "X1": 4.375079420795137e-05,
            "X41": 2.9077401760105544e-05,
            "X46": 0.005382526850486473,
            "X26": 7.464683427986412e-05,
            "X36": 1.1184900055098343e-05,
            "X31": 4.7799593081540924e-05,
            "X2": 0.0002349575734659842,
            "X27": -0.00019900871516265905,
            "X32": 6.99794122094123e-05,
            "X37": 9.020399122480578e-05,
            "X42": -2.3417780047328237e-07,
            "X47": 0.028566873859362477,
            "X48": 0.2487550920745113,
            "X49": -0.07051791196294034
        },
        {
            "X0": 0.00016924466137676966,
            "X40": 0.00016976555595620544,
            "X45": -0.07042823064229692,
            "X25": 0.00018482487161687643,
            "X35": 0.0003795809659359522,
            "X30": 0.0002463022116129058,
            "X1": 0.00012505858653236537,
            "X41": 2.7508568598584704e-05,
            "X46": 0.020310499834055265,
            "X26": 0.0001487939832876269,
            "X36": 0.00026390939216923594,
            "X31": 0.0002295409720504996,
            "X2": 0.00014025568639604684,
            "X27": 0.0002876436672800978,
            "X32": 0.00032733518605788285,
            "X37": 0.00033825717927608027,
            "X42": 0.0037070133241601847,
            "X47": 0.03580242168714081,
            "X48": 0.10112866944620096,
            "X49": 1.6168623600653078
        }
    ],
    "outlier_index": [
        57,
        113,
        115,
        141,
        169,
        185
    ]
}