{
    "accuracy_metrics": {
        "f1": 0.4,
        "precision": 0.25,
        "recall": 1.0
    },
    "run_time": 32.425090401000034,
    "average_explanation_time": 0.7040665970000006
}