{
    "accuracy_metrics": {
        "f1": 0.6198830409356725,
        "precision": 0.4649122807017544,
        "recall": 0.9298245614035088
    },
    "run_time": 142.90280552500008,
    "average_explanation_time": 0.9031278299999975
}