{
    "accuracy_metrics": {
        "f1": 0.023391812865497075,
        "precision": 0.017543859649122806,
        "recall": 0.03508771929824561
    },
    "run_time": 142.8239180349999,
    "average_explanation_time": 0.8144407130000015
}