{
    "accuracy_metrics": {
        "accuracy": 0.8070175438596491,
        "f1": 0.8070175438596491,
        "precision": 0.8070175438596491,
        "recall": 0.8070175438596491
    },
    "run_time": 325.71932357100013,
    "average_explanation_time": 1.7611086324912273
}