{
    "accuracy_metrics": {
        "f1": 0.39272727272727276,
        "precision": 0.24770642201834864,
        "recall": 0.9473684210526315
    },
    "run_time": 286.4170692709995,
    "average_explanation_time": 0.6958955137619055
}