{
    "accuracy_metrics": {
        "f1": 0.39272727272727276,
        "precision": 0.24770642201834864,
        "recall": 0.9473684210526315
    },
    "run_time": 286.4859669770003,
    "average_explanation_time": 0.6838247587142855
}