{
    "accuracy_metrics": {
        "f1": 0.0,
        "precision": 0.0,
        "recall": 0.0
    },
    "run_time": 322.9576467330003,
    "average_explanation_time": 0.009229381000000814
}