{
    "accuracy_metrics": {
        "f1": 0.0,
        "precision": 0.0,
        "recall": 0.0
    },
    "run_time": 346.53284282300046,
    "average_explanation_time": 0.01955775866666265
}