{
    "accuracy_metrics": {
        "accuracy": 0.6140350877192983,
        "f1": 0.6140350877192983,
        "precision": 0.6140350877192983,
        "recall": 0.6140350877192983
    },
    "run_time": 549.4181494659997,
    "average_explanation_time": 8.753390138999999
}