{
    "accuracy_metrics": {
        "accuracy": 0.9473684210526315,
        "f1": 0.9473684210526315,
        "precision": 0.9473684210526315,
        "recall": 0.9473684210526315
    },
    "run_time": 144.15345611600014,
    "average_explanation_time": 0.19500133710526307
}