{
    "accuracy_metrics": {
        "f1": 0.19555555555555557,
        "precision": 0.14666666666666667,
        "recall": 0.29333333333333333
    },
    "run_time": 274.745960901,
    "average_explanation_time": 0.9676053809523799
}