{
    "accuracy_metrics": {
        "f1": 1.0,
        "precision": 1.0,
        "recall": 1.0
    },
    "run_time": 262.676606645,
    "average_explanation_time": 0.00669499036841876
}