{
    "accuracy_metrics": {
        "f1": 0.0,
        "precision": 0.0,
        "recall": 0.0
    },
    "run_time": 262.7016306159999,
    "average_explanation_time": 0.006256010684212454
}