{
    "accuracy_metrics": {
        "f1": 0.4,
        "precision": 0.25,
        "recall": 1.0
    },
    "run_time": 32.421703105000006,
    "average_explanation_time": 2.7602108039999997
}