{
    "accuracy_metrics": {
        "accuracy": 0.8421052631578947,
        "f1": 0.8421052631578947,
        "precision": 0.8421052631578947,
        "recall": 0.8421052631578947
    },
    "run_time": 264.9465413959997,
    "average_explanation_time": 0.19837393842105336
}