{
    "accuracy_metrics": {
        "accuracy": 0.7017543859649122,
        "f1": 0.7017543859649122,
        "precision": 0.7017543859649122,
        "recall": 0.7017543859649122
    },
    "run_time": 7562.7812083379995,
    "average_explanation_time": 132.03710338842106
}