{
    "accuracy_metrics": {
        "f1": 0.4,
        "precision": 0.25,
        "recall": 1.0
    },
    "run_time": 27.318452477999983,
    "average_explanation_time": 0.12574320499999914
}