{
    "accuracy_metrics": {
        "f1": 0.5730994152046784,
        "precision": 0.4298245614035088,
        "recall": 0.8596491228070176
    },
    "run_time": 322.7250053450002,
    "average_explanation_time": 0.564344755333328
}