{
    "accuracy_metrics": {
        "f1": 0.0,
        "precision": 0.0,
        "recall": 0.0
    },
    "run_time": 322.46078355200007,
    "average_explanation_time": 0.006227087619045673
}