{
    "accuracy_metrics": {
        "f1": 1.0,
        "precision": 1.0,
        "recall": 1.0
    },
    "run_time": 322.4538236259996,
    "average_explanation_time": 0.0056042936190423345
}