{
    "accuracy_metrics": {
        "f1": 0.0,
        "precision": 0.0,
        "recall": 0.0
    },
    "run_time": 322.3721995450005,
    "average_explanation_time": 0.006091126809522507
}