{
    "accuracy_metrics": {
        "accuracy": 0.8333333333333334,
        "f1": 0.8333333333333334,
        "precision": 0.8333333333333334,
        "recall": 0.8333333333333334
    },
    "run_time": 32.96231106,
    "average_explanation_time": 0.8686677956666665
}