{
    "accuracy_metrics": {
        "accuracy": 0.6666666666666666,
        "f1": 0.6666666666666666,
        "precision": 0.6666666666666666,
        "recall": 0.6666666666666666
    },
    "run_time": 39.18525804500041,
    "average_explanation_time": 2.977349372833334
}