{
    "accuracy_metrics": {
        "accuracy": 0.7719298245614035,
        "f1": 0.7719298245614035,
        "precision": 0.7719298245614035,
        "recall": 0.7719298245614035
    },
    "run_time": 329.250418181,
    "average_explanation_time": 1.5904367095263177
}