{
    "accuracy_metrics": {
        "accuracy": 1.0,
        "f1": 1.0,
        "precision": 1.0,
        "recall": 1.0
    },
    "run_time": 33.00326278500006,
    "average_explanation_time": 0.8229581309999995
}