{
    "accuracy_metrics": {
        "accuracy": 0.631578947368421,
        "f1": 0.631578947368421,
        "precision": 0.631578947368421,
        "recall": 0.631578947368421
    },
    "run_time": 1047.3008058259984,
    "average_explanation_time": 17.007334573298245
}