{
    "accuracy_metrics": {
        "f1": 0.0,
        "precision": 0.0,
        "recall": 0.0
    },
    "run_time": 346.58443952700054,
    "average_explanation_time": 0.024732197499995223
}