{
    "accuracy_metrics": {
        "accuracy": 0.10526315789473684,
        "f1": 0.10526315789473684,
        "precision": 0.10526315789473684,
        "recall": 0.10526315789473684
    },
    "run_time": 348.1195683010001,
    "average_explanation_time": 1.3826823764210527
}