{
    "accuracy_metrics": {
        "f1": 0.0,
        "precision": 0.0,
        "recall": 0.0
    },
    "run_time": 33.4016685109998,
    "average_explanation_time": 0.012898991000000137
}