{
    "accuracy_metrics": {
        "accuracy": 0.8333333333333334,
        "f1": 0.8333333333333334,
        "precision": 0.8333333333333334,
        "recall": 0.8333333333333334
    },
    "run_time": 40.89838520400008,
    "average_explanation_time": 3.1753261965000004
}