{
    "run_time": 25.81478442000025,
    "median_attribs": [
        {
            "X0": -0.3479423092500896,
            "X1": 0.6225916881104542,
            "X2": 1.4915880700583692,
            "X3": -0.2105108813528353,
            "X4": -1.343142511244957
        }
    ],
    "outlier_index": [
        46
    ]
}