{
    "accuracy_metrics": {
        "accuracy": 0.5964912280701754,
        "f1": 0.5964912280701754,
        "precision": 0.5964912280701754,
        "recall": 0.5964912280701754
    },
    "run_time": 448.04443631199956,
    "average_explanation_time": 6.148475589947368
}