{
    "accuracy_metrics": {
        "f1": 0.0,
        "precision": 0.0,
        "recall": 0.0
    },
    "run_time": 322.76216349900005,
    "average_explanation_time": 0.00780841916666238
}