{
    "accuracy_metrics": {
        "accuracy": 0.9298245614035088,
        "f1": 0.9298245614035088,
        "precision": 0.9298245614035088,
        "recall": 0.9298245614035088
    },
    "run_time": 323.28769647699994,
    "average_explanation_time": 0.19439746796491308
}