{
    "accuracy_metrics": {
        "accuracy": 0.7361111111111112,
        "f1": 0.7361111111111113,
        "precision": 0.7361111111111112,
        "recall": 0.7361111111111112
    },
    "run_time": 182.19439981600044,
    "average_explanation_time": 2.0379208206250006
}