{
    "accuracy_metrics": {
        "f1": 0.08187134502923976,
        "precision": 0.06140350877192982,
        "recall": 0.12280701754385964
    },
    "run_time": 83.36734603899998,
    "average_explanation_time": 1.9191097175999972
}