{
    "accuracy_metrics": {
        "f1": 0.5647058823529412,
        "precision": 0.4247787610619469,
        "recall": 0.8421052631578947
    },
    "run_time": 84.95298825099997,
    "average_explanation_time": 1.8569317166000012
}