{
    "accuracy_metrics": {
        "f1": 0.0,
        "precision": 0.0,
        "recall": 0.0
    },
    "run_time": 346.5249821030002,
    "average_explanation_time": 0.02744598941666491
}