{
    "accuracy_metrics": {
        "accuracy": 0.9122807017543859,
        "f1": 0.9122807017543859,
        "precision": 0.9122807017543859,
        "recall": 0.9122807017543859
    },
    "run_time": 85.68731647699997,
    "average_explanation_time": 0.19178113747368422
}