{
    "accuracy_metrics": {
        "f1": 0.285,
        "precision": 0.1661807580174927,
        "recall": 1.0
    },
    "run_time": 346.80007977600053,
    "average_explanation_time": 2.1410175856666656
}