{
    "accuracy_metrics": {
        "f1": 0.2962962962962963,
        "precision": 0.19047619047619047,
        "recall": 0.6666666666666666
    },
    "run_time": 32.46639868300008,
    "average_explanation_time": 2.415225371000002
}