{
    "accuracy_metrics": {
        "f1": 0.0,
        "precision": 0.0,
        "recall": 0.0
    },
    "run_time": 322.6705966500001,
    "average_explanation_time": 0.44281225541666264
}