{
    "accuracy_metrics": {
        "f1": 0.25,
        "precision": 0.14285714285714285,
        "recall": 1.0
    },
    "run_time": 32.415766747999896,
    "average_explanation_time": 3.2178690870000004
}