{
    "accuracy_metrics": {
        "f1": 0.4,
        "precision": 0.25,
        "recall": 1.0
    },
    "run_time": 142.72381381600007,
    "average_explanation_time": 3.0569927848000007
}