{
    "accuracy_metrics": {
        "f1": 0.04678362573099415,
        "precision": 0.03508771929824561,
        "recall": 0.07017543859649122
    },
    "run_time": 322.526859701,
    "average_explanation_time": 0.5054638760833363
}