{
    "accuracy_metrics": {
        "accuracy": 0.7894736842105263,
        "f1": 0.7894736842105263,
        "precision": 0.7894736842105263,
        "recall": 0.7894736842105263
    },
    "run_time": 339.74830596699985,
    "average_explanation_time": 2.4930676854035076
}