{
    "accuracy_metrics": {
        "f1": 0.0,
        "precision": 0.0,
        "recall": 0.0
    },
    "run_time": 59.274840211,
    "average_explanation_time": 2.9192949013333362
}