{
    "accuracy_metrics": {
        "accuracy": 0.6842105263157895,
        "f1": 0.6842105263157895,
        "precision": 0.6842105263157895,
        "recall": 0.6842105263157895
    },
    "run_time": 660.197411549,
    "average_explanation_time": 10.43890690619298
}