{
    "accuracy_metrics": {
        "f1": 0.4,
        "precision": 0.25,
        "recall": 1.0
    },
    "run_time": 184.2817662440001,
    "average_explanation_time": 2.2143770599166683
}