{
    "accuracy_metrics": {
        "accuracy": 0.625,
        "f1": 0.625,
        "precision": 0.625,
        "recall": 0.625
    },
    "run_time": 143.069107712,
    "average_explanation_time": 0.3875273774999999
}