{
    "accuracy_metrics": {
        "f1": 0.4,
        "precision": 0.25,
        "recall": 1.0
    },
    "run_time": 178.770623681,
    "average_explanation_time": 2.187393551083334
}