{
    "accuracy_metrics": {
        "f1": 0.0,
        "precision": 0.0,
        "recall": 0.0
    },
    "run_time": 24.94829879400004,
    "average_explanation_time": 0.002549210999999829
}