{
    "accuracy_metrics": {
        "f1": 0.0,
        "precision": 0.0,
        "recall": 0.0
    },
    "run_time": 322.6871976959999,
    "average_explanation_time": 0.007035857416660463
}