{
    "accuracy_metrics": {
        "f1": 0.608187134502924,
        "precision": 0.45614035087719296,
        "recall": 0.9122807017543859
    },
    "run_time": 190.51578258899997,
    "average_explanation_time": 1.0150955084999977
}