{
    "accuracy_metrics": {
        "f1": 0.07017543859649122,
        "precision": 0.05263157894736842,
        "recall": 0.10526315789473684
    },
    "run_time": 190.62804503399997,
    "average_explanation_time": 1.141441686624995
}