{
    "accuracy_metrics": {
        "accuracy": 0.22807017543859648,
        "f1": 0.22807017543859648,
        "precision": 0.22807017543859648,
        "recall": 0.22807017543859648
    },
    "run_time": 287.44673952500034,
    "average_explanation_time": 1.458603744561404
}