{
    "accuracy_metrics": {
        "f1": 0.0,
        "precision": 0.0,
        "recall": 0.0
    },
    "run_time": 285.74699899200004,
    "average_explanation_time": 0.013026956571430048
}