{
    "accuracy_metrics": {
        "accuracy": 0.631578947368421,
        "f1": 0.631578947368421,
        "precision": 0.631578947368421,
        "recall": 0.631578947368421
    },
    "run_time": 323.9693134280001,
    "average_explanation_time": 0.19363901114035142
}