{
    "accuracy_metrics": {
        "accuracy": 0.8333333333333334,
        "f1": 0.8333333333333334,
        "precision": 0.8333333333333334,
        "recall": 0.8333333333333334
    },
    "run_time": 38.006170802999996,
    "average_explanation_time": 2.794487249666666
}