{
    "accuracy_metrics": {
        "accuracy": 0.7543859649122807,
        "f1": 0.7543859649122807,
        "precision": 0.7543859649122807,
        "recall": 0.7543859649122807
    },
    "run_time": 350.740863067,
    "average_explanation_time": 2.6505516244561393
}