{
    "accuracy_metrics": {
        "accuracy": 0.19298245614035087,
        "f1": 0.19298245614035087,
        "precision": 0.19298245614035087,
        "recall": 0.19298245614035087
    },
    "run_time": 347.7742111759999,
    "average_explanation_time": 1.3543625983684222
}