{
    "accuracy_metrics": {
        "accuracy": 0.38596491228070173,
        "f1": 0.38596491228070173,
        "precision": 0.38596491228070173,
        "recall": 0.38596491228070173
    },
    "run_time": 700.4952818920001,
    "average_explanation_time": 10.738538463385963
}