{
    "accuracy_metrics": {
        "f1": 0.0,
        "precision": 0.0,
        "recall": 0.0
    },
    "run_time": 322.52037969599996,
    "average_explanation_time": 0.010552718166664476
}