{
    "accuracy_metrics": {
        "f1": 0.2222222222222222,
        "precision": 0.16666666666666666,
        "recall": 0.3333333333333333
    },
    "run_time": 32.47282518099996,
    "average_explanation_time": 0.8048308100000021
}