{
    "accuracy_metrics": {
        "f1": 0.0,
        "precision": 0.0,
        "recall": 0.0
    },
    "run_time": 33.252460201000076,
    "average_explanation_time": 0.012482360999999997
}