{
    "run_time": 1271.8255829890002,
    "out_attribs": [
        {
            "X0": 3.576507490369824e-05,
            "X25": 8.324834182455385e-05,
            "X30": 3.754348511973848e-05,
            "X35": 4.441447409035298e-05,
            "X40": 3.9891892169546216e-05,
            "X45": 0.10292867378296482,
            "X1": 7.950382211269835e-05,
            "X26": 7.28629655079078e-05,
            "X31": 8.912796217780929e-05,
            "X36": 2.964768161021572e-05,
            "X41": -4.142856515157227e-05,
            "X46": -0.0015203949124301304,
            "X2": -1.6216152879797782e-05,
            "X27": 0.00021442289649585298,
            "X32": 4.0047738498604105e-05,
            "X37": 1.7165999896195063e-05,
            "X42": 0.00016507465222432479,
            "X47": 0.011295837993644885,
            "X48": 0.16761869659237302,
            "X49": -0.06479542098826824
        },
        {
            "X0": 2.2806624033545644e-05,
            "X25": 3.779338891498837e-05,
            "X30": 0.0,
            "X35": -2.3510212702471836e-06,
            "X40": 0.00010122675687748234,
            "X45": 0.014706971729774976,
            "X1": -6.083195238173759e-05,
            "X26": 4.860856600148553e-05,
            "X31": 4.649525769815678e-05,
            "X36": 0.0001078462552372055,
            "X41": 4.7378574013037277e-05,
            "X46": 0.00688549459712008,
            "X2": 1.5098817430976835e-05,
            "X27": 0.0017942304416623256,
            "X32": -2.1292808752409114e-05,
            "X37": -0.00017702763324228582,
            "X42": 0.00012504649610782845,
            "X47": 0.09923164316071315,
            "X48": 0.17362325626597763,
            "X49": -0.1206545432108649
        },
        {
            "X0": 3.768627243889877e-05,
            "X25": 2.768525143184654e-05,
            "X30": 2.249135037860195e-05,
            "X35": 3.416213790639618e-05,
            "X40": 6.745012161971673e-05,
            "X45": -0.10873020857557396,
            "X1": -9.122847229298603e-05,
            "X26": -0.00027048728919263574,
            "X31": 2.4225043681292395e-05,
            "X36": 6.491485812794192e-05,
            "X41": 2.9278622719227464e-05,
            "X46": 0.007806909639260811,
            "X2": -0.0004482341382845955,
            "X27": -0.0012452917377798705,
            "X32": 0.00013087244986661247,
            "X37": -1.7278575406459387e-05,
            "X42": 7.291578416723163e-05,
            "X47": 0.08353815284849504,
            "X48": 0.1814373437383997,
            "X49": -0.12445621435583104
        },
        {
            "X0": 0.00012672216725596484,
            "X25": 2.9245022786125135e-05,
            "X30": 3.2611798622831627e-05,
            "X35": -7.116203830012599e-06,
            "X40": 3.0412289514007717e-05,
            "X45": -0.07174427058742172,
            "X1": 9.80396078158998e-05,
            "X26": -0.00010064131212096563,
            "X31": 8.49937742328946e-05,
            "X36": 4.391841119828665e-05,
            "X41": -0.0001588899578553371,
            "X46": -0.002896556304779185,
            "X2": -0.00021973476559871907,
            "X27": 0.0005765351737485462,
            "X32": -2.4283454839569384e-05,
            "X37": -0.00021660314304379342,
            "X42": -6.7089892202263966e-06,
            "X47": 0.027621963802716948,
            "X48": 0.16337015592351456,
            "X49": -0.07721912675452891
        },
        {
            "X0": -0.005168968452727173,
            "X25": 0.05767240707622394,
            "X30": 9.469433339824139e-05,
            "X35": 0.05306382609013912,
            "X40": -0.002545936503191174,
            "X45": -0.21382601441378127,
            "X1": -0.02522422419683093,
            "X26": -0.020920970519260722,
            "X31": 8.644119442949354e-05,
            "X36": 0.10968774669155677,
            "X41": 0.017601157889565365,
            "X46": -0.017530982989647073,
            "X2": 0.041871365662707924,
            "X27": -0.04484552058824112,
            "X32": 0.04298096915325566,
            "X37": 0.19751500728496577,
            "X42": -0.07538988142764401,
            "X47": 0.09375692808690227,
            "X48": 0.07991832741982302,
            "X49": -0.22694223735327362
        },
        {
            "X0": 3.3782081392734156e-05,
            "X25": 0.00010500715825622406,
            "X30": 4.8780491674041417e-05,
            "X35": 4.690431891734752e-05,
            "X40": 4.502814616065361e-05,
            "X45": 0.43841711023066743,
            "X1": 0.00012159560153794354,
            "X26": 1.7838788340515346e-05,
            "X31": 4.6906147546054836e-05,
            "X36": 4.874373253767782e-05,
            "X41": 8.840418444156692e-05,
            "X46": 0.0011159049230171645,
            "X2": 0.000123291944812833,
            "X27": 0.0003194712840476236,
            "X32": 5.063133546397852e-05,
            "X37": 4.8068516667501827e-05,
            "X42": 0.00018036955016187005,
            "X47": -0.019608575922331884,
            "X48": 0.15169454105994698,
            "X49": -0.19135010637179156
        }
    ],
    "outlier_index": [
        57,
        113,
        115,
        141,
        169,
        185
    ]
}