{
    "accuracy_metrics": {
        "f1": 0.5,
        "precision": 0.3333333333333333,
        "recall": 1.0
    },
    "run_time": 322.51671196399997,
    "average_explanation_time": 0.07774096333333406
}