{
    "accuracy_metrics": {
        "f1": 0.4,
        "precision": 0.25,
        "recall": 1.0
    },
    "run_time": 32.524699731000055,
    "average_explanation_time": 0.9972294710000007
}