{
    "accuracy_metrics": {
        "f1": 0.4,
        "precision": 0.25,
        "recall": 1.0
    },
    "run_time": 322.99818498499985,
    "average_explanation_time": 1.0453198620000055
}