{
    "accuracy_metrics": {
        "accuracy": 0.8245614035087719,
        "f1": 0.8245614035087719,
        "precision": 0.8245614035087719,
        "recall": 0.8245614035087719
    },
    "run_time": 181.9433773579999,
    "average_explanation_time": 0.19804653866666685
}