{
    "accuracy_metrics": {
        "f1": 0.05847953216374269,
        "precision": 0.043859649122807015,
        "recall": 0.08771929824561403
    },
    "run_time": 166.367401497,
    "average_explanation_time": 0.36902797833333423
}