{
    "accuracy_metrics": {
        "f1": 0.03508771929824561,
        "precision": 0.02631578947368421,
        "recall": 0.05263157894736842
    },
    "run_time": 169.29246579099998,
    "average_explanation_time": 0.3822429827142845
}