{
    "accuracy_metrics": {
        "f1": 1.0,
        "precision": 1.0,
        "recall": 1.0
    },
    "run_time": 322.632995224,
    "average_explanation_time": 0.0059805117500015825
}