{
    "accuracy_metrics": {
        "accuracy": 0.22807017543859648,
        "f1": 0.22807017543859648,
        "precision": 0.22807017543859648,
        "recall": 0.22807017543859648
    },
    "run_time": 177.46826173699998,
    "average_explanation_time": 1.379285307614035
}