{
    "accuracy_metrics": {
        "accuracy": 0.5964912280701754,
        "f1": 0.5964912280701754,
        "precision": 0.5964912280701754,
        "recall": 0.5964912280701754
    },
    "run_time": 177.225556784,
    "average_explanation_time": 1.3715357116842104
}