{
    "accuracy_metrics": {
        "f1": 0.3916083916083916,
        "precision": 0.2445414847161572,
        "recall": 0.9824561403508771
    },
    "run_time": 178.70203704200003,
    "average_explanation_time": 0.8151241686666643
}