{
    "accuracy_metrics": {
        "accuracy": 0.5614035087719298,
        "f1": 0.5614035087719298,
        "precision": 0.5614035087719298,
        "recall": 0.5614035087719298
    },
    "run_time": 113.24399090399993,
    "average_explanation_time": 1.5191063464561405
}