{
    "accuracy_metrics": {
        "accuracy": 0.12280701754385964,
        "f1": 0.12280701754385964,
        "precision": 0.12280701754385964,
        "recall": 0.12280701754385964
    },
    "run_time": 107.84460371400007,
    "average_explanation_time": 1.4129058986666667
}