{
    "accuracy_metrics": {
        "accuracy": 0.21052631578947367,
        "f1": 0.21052631578947367,
        "precision": 0.21052631578947367,
        "recall": 0.21052631578947367
    },
    "run_time": 106.76548422199994,
    "average_explanation_time": 1.3843822204736842
}