{
    "accuracy_metrics": {
        "accuracy": 0.8333333333333334,
        "f1": 0.8333333333333334,
        "precision": 0.8333333333333334,
        "recall": 0.8333333333333334
    },
    "run_time": 39.04054233500028,
    "average_explanation_time": 2.970463884333333
}