{
    "accuracy_metrics": {
        "accuracy": 0.6666666666666666,
        "f1": 0.6666666666666666,
        "precision": 0.6666666666666666,
        "recall": 0.6666666666666666
    },
    "run_time": 29.29104685600032,
    "average_explanation_time": 4.247614764666666
}