{
    "run_time": 29.29104685600032,
    "median_attribs": [
        {
            "X0": 0.10827748951388712,
            "X1": 0.05685693680948636,
            "X2": 1.8793191438868102,
            "X3": -0.1963424581313969,
            "X4": -1.2637840078319709
        },
        {
            "X0": -0.08046972650353068,
            "X1": 0.9051396446056857,
            "X2": -0.07615949413686228,
            "X3": -0.1852561974336978,
            "X4": -0.4891826496427328
        },
        {
            "X0": 0.18950591527623992,
            "X1": 0.08158148340500883,
            "X2": -0.055043890777345346,
            "X3": 0.09295239263271496,
            "X4": -0.17843743558931371
        }
    ],
    "outlier_index": [
        30,
        31,
        89
    ]
}