{
    "accuracy_metrics": {
        "f1": 0.4,
        "precision": 0.25,
        "recall": 1.0
    },
    "run_time": 323.430502532,
    "average_explanation_time": 0.08513576783333576
}