{
    "accuracy_metrics": {
        "f1": 0.0,
        "precision": 0.0,
        "recall": 0.0
    },
    "run_time": 58.75392371800001,
    "average_explanation_time": 0.034880282666667504
}