{
    "accuracy_metrics": {
        "f1": 0.0,
        "precision": 0.0,
        "recall": 0.0
    },
    "run_time": 58.61807261099999,
    "average_explanation_time": 0.03512428366666853
}