{
    "accuracy_metrics": {
        "f1": 1.0,
        "precision": 1.0,
        "recall": 1.0
    },
    "run_time": 58.91962705,
    "average_explanation_time": 0.03472658466666564
}