{
    "accuracy_metrics": {
        "f1": 0.0,
        "precision": 0.0,
        "recall": 0.0
    },
    "run_time": 229.44867161000002,
    "average_explanation_time": 0.006887927764703463
}