{
    "accuracy_metrics": {
        "f1": 0.0,
        "precision": 0.0,
        "recall": 0.0
    },
    "run_time": 226.429321351,
    "average_explanation_time": 0.0079847465294142
}