{
    "accuracy_metrics": {
        "accuracy": 0.7894736842105263,
        "f1": 0.7894736842105263,
        "precision": 0.7894736842105263,
        "recall": 0.7894736842105263
    },
    "run_time": 346.95405462100007,
    "average_explanation_time": 0.3700170819122812
}