{
    "accuracy_metrics": {
        "accuracy": 0.5263157894736842,
        "f1": 0.5263157894736842,
        "precision": 0.5263157894736842,
        "recall": 0.5263157894736842
    },
    "run_time": 348.2591472029999,
    "average_explanation_time": 2.0282109343684205
}