{
    "accuracy_metrics": {
        "f1": 0.0,
        "precision": 0.0,
        "recall": 0.0
    },
    "run_time": 27.7148206210004,
    "average_explanation_time": 0.006771184999999846
}