{
    "accuracy_metrics": {
        "accuracy": 1.0,
        "f1": 1.0,
        "precision": 1.0,
        "recall": 1.0
    },
    "run_time": 38.578527716999815,
    "average_explanation_time": 2.8686672095
}