{
    "accuracy_metrics": {
        "f1": 0.04678362573099415,
        "precision": 0.03508771929824561,
        "recall": 0.07017543859649122
    },
    "run_time": 179.23951860700004,
    "average_explanation_time": 0.7376426616666668
}