{
    "accuracy_metrics": {
        "f1": 0.05847953216374269,
        "precision": 0.043859649122807015,
        "recall": 0.08771929824561403
    },
    "run_time": 179.025318211,
    "average_explanation_time": 0.6749008260833337
}