{
    "accuracy_metrics": {
        "f1": 0.1851851851851852,
        "precision": 0.1388888888888889,
        "recall": 0.2777777777777778
    },
    "run_time": 142.41629021100016,
    "average_explanation_time": 0.8927272726999987
}