{
    "accuracy_metrics": {
        "f1": 0.0,
        "precision": 0.0,
        "recall": 0.0
    },
    "run_time": 178.63352684600068,
    "average_explanation_time": 0.011293611916666299
}