{
    "accuracy_metrics": {
        "f1": 1.0,
        "precision": 1.0,
        "recall": 1.0
    },
    "run_time": 178.53450820699982,
    "average_explanation_time": 0.010371821749997956
}