{
    "accuracy_metrics": {
        "f1": 0.0,
        "precision": 0.0,
        "recall": 0.0
    },
    "run_time": 178.67373727300037,
    "average_explanation_time": 0.009244001833330332
}