{
    "accuracy_metrics": {
        "f1": 0.0,
        "precision": 0.0,
        "recall": 0.0
    },
    "run_time": 322.67813380999996,
    "average_explanation_time": 0.026900798833335553
}