{
    "accuracy_metrics": {
        "f1": 0.6198830409356725,
        "precision": 0.4649122807017544,
        "recall": 0.9298245614035088
    },
    "run_time": 178.58752883199986,
    "average_explanation_time": 0.7092084252500005
}