{
    "accuracy_metrics": {
        "f1": 0.047058823529411764,
        "precision": 0.035398230088495575,
        "recall": 0.07017543859649122
    },
    "run_time": 178.61732321399995,
    "average_explanation_time": 0.6923480809166698
}