{
    "accuracy_metrics": {
        "f1": 0.4,
        "precision": 0.25,
        "recall": 1.0
    },
    "run_time": 32.38772908,
    "average_explanation_time": 0.34369272500000037
}