{
    "accuracy_metrics": {
        "f1": 0.2222222222222222,
        "precision": 0.125,
        "recall": 1.0
    },
    "run_time": 322.57253283299997,
    "average_explanation_time": 0.09348275516665971
}