{
    "avg_f1_score": {
        "cloudranger": 0.17327160493827162,
        "dycause": 0.0,
        "easyrca": 0.3547510748024303,
        "causalrca": 0.6180555555555555,
        "ocular": 0.7137731481481481
    },
    "avg_exp_time": {
        "cloudranger": 1.1902182600468256,
        "dycause": 0.017573806907143007,
        "easyrca": 3.4777362869593254,
        "causalrca": 9.446417324535881,
        "ocular": 3.071222692120578
    }
}