{
    "accuracy_metrics": {
        "f1": 0.22040816326530616,
        "precision": 0.12471131639722864,
        "recall": 0.9473684210526315
    },
    "run_time": 346.47111647699967,
    "average_explanation_time": 1.932163132583332
}