{
    "accuracy_metrics": {
        "f1": 0.011695906432748537,
        "precision": 0.008771929824561403,
        "recall": 0.017543859649122806
    },
    "run_time": 347.74320852799997,
    "average_explanation_time": 1.1275294952500008
}