{
    "accuracy_metrics": {
        "accuracy": 0.8070175438596491,
        "f1": 0.8070175438596491,
        "precision": 0.8070175438596491,
        "recall": 0.8070175438596491
    },
    "run_time": 792.5788992849994,
    "average_explanation_time": 13.237368989929825
}