{
    "accuracy_metrics": {
        "f1": 0.3972125435540069,
        "precision": 0.24782608695652175,
        "recall": 1.0
    },
    "run_time": 178.39569364400018,
    "average_explanation_time": 2.225997571416665
}