{
    "accuracy_metrics": {
        "accuracy": 0.5,
        "f1": 0.5,
        "precision": 0.5,
        "recall": 0.5
    },
    "run_time": 33.17663023100022,
    "average_explanation_time": 1.082061741333333
}