{
    "accuracy_metrics": {
        "f1": 0.0,
        "precision": 0.0,
        "recall": 0.0
    },
    "run_time": 27.748194712999975,
    "average_explanation_time": 0.00670581100000156
}