{
    "accuracy_metrics": {
        "f1": 0.25,
        "precision": 0.14285714285714285,
        "recall": 1.0
    },
    "run_time": 32.45326473,
    "average_explanation_time": 4.859607186999998
}