{
    "accuracy_metrics": {
        "f1": 0.4,
        "precision": 0.25,
        "recall": 1.0
    },
    "run_time": 178.642969119,
    "average_explanation_time": 2.7608321369999977
}