{
    "accuracy_metrics": {
        "f1": 0.3972125435540069,
        "precision": 0.24782608695652175,
        "recall": 1.0
    },
    "run_time": 178.57903819199998,
    "average_explanation_time": 2.3222328104166654
}