{
    "run_time": 25.29835868400005,
    "out_attribs": [
        {
            "X0": -0.6688265468734104,
            "X1": 0.005168933589876459,
            "X2": 2.2147224684473525,
            "X3": -0.24873409052785908,
            "X4": -1.1437830053951177
        }
    ],
    "outlier_index": [
        46
    ]
}