{
    "accuracy_metrics": {
        "accuracy": 0.8947368421052632,
        "f1": 0.8947368421052632,
        "precision": 0.8947368421052632,
        "recall": 0.8947368421052632
    },
    "run_time": 119.20214059099999,
    "average_explanation_time": 0.1985258732280703
}