{
    "accuracy_metrics": {
        "accuracy": 0.9298245614035088,
        "f1": 0.9298245614035088,
        "precision": 0.9298245614035088,
        "recall": 0.9298245614035088
    },
    "run_time": 120.52230177399986,
    "average_explanation_time": 0.20104165856140335
}