{
    "accuracy_metrics": {
        "accuracy": 0.7894736842105263,
        "f1": 0.7894736842105263,
        "precision": 0.7894736842105263,
        "recall": 0.7894736842105263
    },
    "run_time": 2320.5598841539995,
    "average_explanation_time": 40.0796758221228
}