{
    "accuracy_metrics": {
        "accuracy": 0.07017543859649122,
        "f1": 0.07017543859649122,
        "precision": 0.07017543859649122,
        "recall": 0.07017543859649122
    },
    "run_time": 3140.2844533380003,
    "average_explanation_time": 54.03171125110526
}