{
    "accuracy_metrics": {
        "f1": 0.0,
        "precision": 0.0,
        "recall": 0.0
    },
    "run_time": 347.54234716999963,
    "average_explanation_time": 0.01548352458333054
}