{
    "accuracy_metrics": {
        "f1": 0.4,
        "precision": 0.25,
        "recall": 1.0
    },
    "run_time": 202.4607425600002,
    "average_explanation_time": 1.643940050399997
}