{
    "accuracy_metrics": {
        "accuracy": 0.72,
        "f1": 0.72,
        "precision": 0.72,
        "recall": 0.72
    },
    "run_time": 374.09803808200013,
    "average_explanation_time": 2.2290934259999995
}