{
    "accuracy_metrics": {
        "f1": 0.4444444444444444,
        "precision": 0.3333333333333333,
        "recall": 0.6666666666666666
    },
    "run_time": 27.37387656100009,
    "average_explanation_time": 0.39567369400000096
}