{
    "accuracy_metrics": {
        "accuracy": 0.3333333333333333,
        "f1": 0.3333333333333333,
        "precision": 0.3333333333333333,
        "recall": 0.3333333333333333
    },
    "run_time": 58.9906439880001,
    "average_explanation_time": 6.261420273166666
}