{
    "accuracy_metrics": {
        "f1": 0.25,
        "precision": 0.14285714285714285,
        "recall": 1.0
    },
    "run_time": 323.33095588499964,
    "average_explanation_time": 0.10777614474999986
}