{
    "accuracy_metrics": {
        "f1": 0.0,
        "precision": 0.0,
        "recall": 0.0
    },
    "run_time": 322.62334231599925,
    "average_explanation_time": 1.4119048067500028
}