{
    "accuracy_metrics": {
        "f1": 0.24663677130044845,
        "precision": 0.14138817480719795,
        "recall": 0.9649122807017544
    },
    "run_time": 346.66451167800005,
    "average_explanation_time": 2.0178588679166665
}