{
    "accuracy_metrics": {
        "f1": 1.0,
        "precision": 1.0,
        "recall": 1.0
    },
    "run_time": 322.50957733600035,
    "average_explanation_time": 0.012281997000004688
}