{
    "accuracy_metrics": {
        "accuracy": 0.7368421052631579,
        "f1": 0.7368421052631579,
        "precision": 0.7368421052631579,
        "recall": 0.7368421052631579
    },
    "run_time": 1736.5301061220007,
    "average_explanation_time": 29.823886448684206
}