{
    "accuracy_metrics": {
        "f1": 1.0,
        "precision": 1.0,
        "recall": 1.0
    },
    "run_time": 346.546589391,
    "average_explanation_time": 0.01206798891666653
}