{
    "accuracy_metrics": {
        "f1": 0.0,
        "precision": 0.0,
        "recall": 0.0
    },
    "run_time": 322.5827739260003,
    "average_explanation_time": 0.7859929328333296
}