{
    "accuracy_metrics": {
        "f1": 0.5847953216374269,
        "precision": 0.43859649122807015,
        "recall": 0.8771929824561403
    },
    "run_time": 347.64436228199975,
    "average_explanation_time": 1.331024596999999
}