{
    "accuracy_metrics": {
        "f1": 0.023391812865497075,
        "precision": 0.017543859649122806,
        "recall": 0.03508771929824561
    },
    "run_time": 346.978117205,
    "average_explanation_time": 0.9853770350833351
}