{
    "accuracy_metrics": {
        "f1": 0.32748538011695905,
        "precision": 0.24561403508771928,
        "recall": 0.49122807017543857
    },
    "run_time": 347.33367538100015,
    "average_explanation_time": 1.1095906451666628
}