{
    "accuracy_metrics": {
        "f1": 0.15363511659807957,
        "precision": 0.08333333333333333,
        "recall": 0.9824561403508771
    },
    "run_time": 323.42379691099995,
    "average_explanation_time": 0.10736032766666526
}