{
    "accuracy_metrics": {
        "accuracy": 0.19298245614035087,
        "f1": 0.19298245614035087,
        "precision": 0.19298245614035087,
        "recall": 0.19298245614035087
    },
    "run_time": 196.779707658,
    "average_explanation_time": 1.3730411650877192
}