{
    "accuracy_metrics": {
        "accuracy": 0.5614035087719298,
        "f1": 0.5614035087719298,
        "precision": 0.5614035087719298,
        "recall": 0.5614035087719298
    },
    "run_time": 196.87114168900007,
    "average_explanation_time": 1.36337561745614
}