{
    "accuracy_metrics": {
        "accuracy": 0.15789473684210525,
        "f1": 0.15789473684210525,
        "precision": 0.15789473684210525,
        "recall": 0.15789473684210525
    },
    "run_time": 456.7528767539998,
    "average_explanation_time": 6.259094880543859
}