{
    "accuracy_metrics": {
        "f1": 0.0,
        "precision": 0.0,
        "recall": 0.0
    },
    "run_time": 143.70987796500003,
    "average_explanation_time": 0.010422177199998117
}