{
    "accuracy_metrics": {
        "f1": 0.3957597173144876,
        "precision": 0.24778761061946902,
        "recall": 0.9824561403508771
    },
    "run_time": 322.56374753900036,
    "average_explanation_time": 0.6482533360000088
}