{
    "accuracy_metrics": {
        "f1": 0.39716312056737585,
        "precision": 0.24888888888888888,
        "recall": 0.9824561403508771
    },
    "run_time": 322.4018713539999,
    "average_explanation_time": 0.6512317303809506
}