{
    "accuracy_metrics": {
        "accuracy": 0.3888888888888889,
        "f1": 0.3888888888888889,
        "precision": 0.3888888888888889,
        "recall": 0.3888888888888889
    },
    "run_time": 680.9551184540005,
    "average_explanation_time": 18.253496185333336
}