{
    "accuracy_metrics": {
        "f1": 0.5,
        "precision": 0.3333333333333333,
        "recall": 1.0
    },
    "run_time": 322.92461696799995,
    "average_explanation_time": 0.0792417444166708
}