{
    "accuracy_metrics": {
        "accuracy": 0.8421052631578947,
        "f1": 0.8421052631578947,
        "precision": 0.8421052631578947,
        "recall": 0.8421052631578947
    },
    "run_time": 323.380025059,
    "average_explanation_time": 0.7395469479649116
}