{
    "accuracy_metrics": {
        "accuracy": 0.15789473684210525,
        "f1": 0.15789473684210525,
        "precision": 0.15789473684210525,
        "recall": 0.15789473684210525
    },
    "run_time": 758.0484553940005,
    "average_explanation_time": 11.730634294736845
}