{
    "accuracy_metrics": {
        "f1": 0.08187134502923976,
        "precision": 0.06140350877192982,
        "recall": 0.12280701754385964
    },
    "run_time": 179.3270744460001,
    "average_explanation_time": 0.6993093453333316
}