{
    "accuracy_metrics": {
        "f1": 1.0,
        "precision": 1.0,
        "recall": 1.0
    },
    "run_time": 347.4775047539997,
    "average_explanation_time": 0.013238941083335712
}