{
    "accuracy_metrics": {
        "accuracy": 0.3333333333333333,
        "f1": 0.3333333333333333,
        "precision": 0.3333333333333333,
        "recall": 0.3333333333333333
    },
    "run_time": 33.318378403,
    "average_explanation_time": 1.2943388395
}