{
    "accuracy_metrics": {
        "accuracy": 0.8771929824561403,
        "f1": 0.8771929824561403,
        "precision": 0.8771929824561403,
        "recall": 0.8771929824561403
    },
    "run_time": 324.275675288,
    "average_explanation_time": 1.905567049999999
}