{
    "accuracy_metrics": {
        "f1": 0.11695906432748537,
        "precision": 0.08771929824561403,
        "recall": 0.17543859649122806
    },
    "run_time": 178.57084763399962,
    "average_explanation_time": 0.6958400523333325
}