{
    "accuracy_metrics": {
        "accuracy": 1.0,
        "f1": 1.0,
        "precision": 1.0,
        "recall": 1.0
    },
    "run_time": 25.278164834,
    "average_explanation_time": 3.718985271000001
}