{
    "run_time": 25.278164834,
    "out_attribs": [
        {
            "X0": 0.4360332161124125,
            "X1": 0.07505282607434378,
            "X2": 0.06413705408705306,
            "X3": 3.1891358409438286,
            "X4": -3.58210402265489
        }
    ],
    "outlier_index": [
        12
    ]
}