{
    "accuracy_metrics": {
        "accuracy": 0.7017543859649122,
        "f1": 0.7017543859649122,
        "precision": 0.7017543859649122,
        "recall": 0.7017543859649122
    },
    "run_time": 324.334107594,
    "average_explanation_time": 1.324209539964912
}