{
    "accuracy_metrics": {
        "f1": 0.0,
        "precision": 0.0,
        "recall": 0.0
    },
    "run_time": 143.77207508800007,
    "average_explanation_time": 0.013011799700000281
}