{
    "accuracy_metrics": {
        "accuracy": 0.9298245614035088,
        "f1": 0.9298245614035088,
        "precision": 0.9298245614035088,
        "recall": 0.9298245614035088
    },
    "run_time": 323.943203006,
    "average_explanation_time": 0.3437082247368437
}