{
    "accuracy_metrics": {
        "f1": 0.0,
        "precision": 0.0,
        "recall": 0.0
    },
    "run_time": 143.6542882639999,
    "average_explanation_time": 0.013809339700000223
}