{
    "accuracy_metrics": {
        "accuracy": 0.631578947368421,
        "f1": 0.631578947368421,
        "precision": 0.631578947368421,
        "recall": 0.631578947368421
    },
    "run_time": 643.6585193340006,
    "average_explanation_time": 9.796762177842105
}