{
    "accuracy_metrics": {
        "f1": 0.0,
        "precision": 0.0,
        "recall": 0.0
    },
    "run_time": 182.49710834200005,
    "average_explanation_time": 0.009589979833330986
}