{
    "accuracy_metrics": {
        "f1": 0.0,
        "precision": 0.0,
        "recall": 0.0
    },
    "run_time": 32.438853404999996,
    "average_explanation_time": 0.01354293300000009
}