{
    "accuracy_metrics": {
        "f1": 0.0,
        "precision": 0.0,
        "recall": 0.0
    },
    "run_time": 33.28263605300026,
    "average_explanation_time": 0.012583601000002886
}