{
    "accuracy_metrics": {
        "f1": 0.33333333333333337,
        "precision": 0.2,
        "recall": 1.0
    },
    "run_time": 322.47521109900003,
    "average_explanation_time": 0.0825042078333329
}