{
    "accuracy_metrics": {
        "f1": 1.0,
        "precision": 1.0,
        "recall": 1.0
    },
    "run_time": 322.64986447999996,
    "average_explanation_time": 0.006816000999999794
}