{
    "accuracy_metrics": {
        "f1": 0.2222222222222222,
        "precision": 0.16666666666666666,
        "recall": 0.3333333333333333
    },
    "run_time": 32.54174337399991,
    "average_explanation_time": 2.7763849940000007
}