{
    "accuracy_metrics": {
        "f1": 0.411764705882353,
        "precision": 0.30973451327433627,
        "recall": 0.6140350877192983
    },
    "run_time": 346.74653913600014,
    "average_explanation_time": 0.8785495852500024
}