{
    "accuracy_metrics": {
        "f1": 0.22040816326530616,
        "precision": 0.12471131639722864,
        "recall": 0.9473684210526315
    },
    "run_time": 346.88430423499995,
    "average_explanation_time": 2.031243925166663
}