{
    "accuracy_metrics": {
        "f1": 0.3742690058479532,
        "precision": 0.2807017543859649,
        "recall": 0.5614035087719298
    },
    "run_time": 347.6555600019997,
    "average_explanation_time": 1.3484994525833418
}