{
    "accuracy_metrics": {
        "accuracy": 0.10526315789473684,
        "f1": 0.10526315789473684,
        "precision": 0.10526315789473684,
        "recall": 0.10526315789473684
    },
    "run_time": 188.80500869300022,
    "average_explanation_time": 1.3785269105087723
}