{
    "accuracy_metrics": {
        "accuracy": 0.19298245614035087,
        "f1": 0.19298245614035087,
        "precision": 0.19298245614035087,
        "recall": 0.19298245614035087
    },
    "run_time": 189.1275185730001,
    "average_explanation_time": 1.3785318378245617
}