{
    "accuracy_metrics": {
        "f1": 0.0,
        "precision": 0.0,
        "recall": 0.0
    },
    "run_time": 33.30999777399984,
    "average_explanation_time": 0.02765714499999916
}