{
    "accuracy_metrics": {
        "f1": 0.25,
        "precision": 0.14285714285714285,
        "recall": 1.0
    },
    "run_time": 322.953770266,
    "average_explanation_time": 0.14510734850000015
}