{
    "accuracy_metrics": {
        "f1": 0.011695906432748537,
        "precision": 0.008771929824561403,
        "recall": 0.017543859649122806
    },
    "run_time": 178.65527177399963,
    "average_explanation_time": 0.7915354480833366
}