{
    "accuracy_metrics": {
        "accuracy": 0.3333333333333333,
        "f1": 0.3333333333333333,
        "precision": 0.3333333333333333,
        "recall": 0.3333333333333333
    },
    "run_time": 166.74260359399997,
    "average_explanation_time": 24.275602507166667
}