{
    "accuracy_metrics": {
        "f1": 0.0,
        "precision": 0.0,
        "recall": 0.0
    },
    "run_time": 323.44265727399943,
    "average_explanation_time": 0.01236704683334248
}