{
    "accuracy_metrics": {
        "f1": 0.0,
        "precision": 0.0,
        "recall": 0.0
    },
    "run_time": 323.03002312200033,
    "average_explanation_time": 0.008735924916667415
}