{
    "accuracy_metrics": {
        "f1": 0.0,
        "precision": 0.0,
        "recall": 0.0
    },
    "run_time": 178.55071694900005,
    "average_explanation_time": 0.6943944505833315
}