{
    "accuracy_metrics": {
        "f1": 0.0,
        "precision": 0.0,
        "recall": 0.0
    },
    "run_time": 33.26030954599992,
    "average_explanation_time": 0.012681546999999682
}