{
    "accuracy_metrics": {
        "f1": 0.0,
        "precision": 0.0,
        "recall": 0.0
    },
    "run_time": 178.718444481,
    "average_explanation_time": 0.010143254250000844
}