{
    "accuracy_metrics": {
        "f1": 0.0,
        "precision": 0.0,
        "recall": 0.0
    },
    "run_time": 178.73870333900004,
    "average_explanation_time": 0.01300632025
}