{
    "accuracy_metrics": {
        "f1": 0.0,
        "precision": 0.0,
        "recall": 0.0
    },
    "run_time": 82.509636264,
    "average_explanation_time": 0.015068117799997793
}