{
    "accuracy_metrics": {
        "f1": 0.33333333333333337,
        "precision": 0.2,
        "recall": 1.0
    },
    "run_time": 322.47736406999996,
    "average_explanation_time": 0.08503769741666822
}