{
    "accuracy_metrics": {
        "f1": 0.011695906432748537,
        "precision": 0.008771929824561403,
        "recall": 0.017543859649122806
    },
    "run_time": 226.57308321500022,
    "average_explanation_time": 0.4993135241764719
}