{
    "accuracy_metrics": {
        "f1": 0.5964912280701755,
        "precision": 0.4473684210526316,
        "recall": 0.8947368421052632
    },
    "run_time": 226.84450812100022,
    "average_explanation_time": 0.5526149581176518
}