{
    "accuracy_metrics": {
        "accuracy": 0.7719298245614035,
        "f1": 0.7719298245614035,
        "precision": 0.7719298245614035,
        "recall": 0.7719298245614035
    },
    "run_time": 1011.4266177839995,
    "average_explanation_time": 16.919097882859646
}