{
    "accuracy_metrics": {
        "f1": 0.0,
        "precision": 0.0,
        "recall": 0.0
    },
    "run_time": 322.660806334,
    "average_explanation_time": 0.6547297699999982
}