{
    "accuracy_metrics": {
        "f1": 1.0,
        "precision": 1.0,
        "recall": 1.0
    },
    "run_time": 204.87397214300017,
    "average_explanation_time": 0.018707176333335223
}