{
    "accuracy_metrics": {
        "f1": 0.0,
        "precision": 0.0,
        "recall": 0.0
    },
    "run_time": 204.82851603000017,
    "average_explanation_time": 0.018019186666666798
}