{
    "accuracy_metrics": {
        "f1": 0.0,
        "precision": 0.0,
        "recall": 0.0
    },
    "run_time": 204.92537525200032,
    "average_explanation_time": 0.019880400833328576
}