{
    "accuracy_metrics": {
        "f1": 0.0,
        "precision": 0.0,
        "recall": 0.0
    },
    "run_time": 347.4674148710001,
    "average_explanation_time": 0.011533146999998559
}