{
    "accuracy_metrics": {
        "f1": 0.16666666666666666,
        "precision": 0.125,
        "recall": 0.25
    },
    "run_time": 142.56877394700018,
    "average_explanation_time": 0.9555849275000003
}