{
    "accuracy_metrics": {
        "f1": 0.0,
        "precision": 0.0,
        "recall": 0.0
    },
    "run_time": 322.7283215730001,
    "average_explanation_time": 0.00807525816667424
}