{
    "accuracy_metrics": {
        "f1": 1.0,
        "precision": 1.0,
        "recall": 1.0
    },
    "run_time": 181.9776745869999,
    "average_explanation_time": 0.008761775833332486
}