{
    "accuracy_metrics": {
        "f1": 0.0,
        "precision": 0.0,
        "recall": 0.0
    },
    "run_time": 182.22915950699985,
    "average_explanation_time": 0.008915583166669036
}