{
    "accuracy_metrics": {
        "f1": 0.0,
        "precision": 0.0,
        "recall": 0.0
    },
    "run_time": 181.75682243799997,
    "average_explanation_time": 0.008840955750001692
}