{
    "accuracy_metrics": {
        "f1": 0.0,
        "precision": 0.0,
        "recall": 0.0
    },
    "run_time": 178.60383354800024,
    "average_explanation_time": 0.011535205666662959
}