{
    "accuracy_metrics": {
        "f1": 1.0,
        "precision": 1.0,
        "recall": 1.0
    },
    "run_time": 322.5749515890002,
    "average_explanation_time": 0.01045263308333825
}