{
    "accuracy_metrics": {
        "f1": 0.4,
        "precision": 0.25,
        "recall": 1.0
    },
    "run_time": 226.4395692019998,
    "average_explanation_time": 1.0958460079411783
}