{
    "accuracy_metrics": {
        "f1": 0.3986013986013986,
        "precision": 0.24890829694323144,
        "recall": 1.0
    },
    "run_time": 228.36153246499998,
    "average_explanation_time": 1.0442930466470581
}