{
    "accuracy_metrics": {
        "accuracy": 0.8771929824561403,
        "f1": 0.8771929824561403,
        "precision": 0.8771929824561403,
        "recall": 0.8771929824561403
    },
    "run_time": 59.44088671499999,
    "average_explanation_time": 0.19146828338596483
}