{
    "accuracy_metrics": {
        "f1": 1.0,
        "precision": 1.0,
        "recall": 1.0
    },
    "run_time": 322.6018611460004,
    "average_explanation_time": 0.0176105169166636
}