{
    "accuracy_metrics": {
        "f1": 0.0,
        "precision": 0.0,
        "recall": 0.0
    },
    "run_time": 322.704746699,
    "average_explanation_time": 0.5810531038333332
}