{
    "accuracy_metrics": {
        "f1": 0.0,
        "precision": 0.0,
        "recall": 0.0
    },
    "run_time": 322.6032689929998,
    "average_explanation_time": 0.012878316166662648
}