{
    "accuracy_metrics": {
        "accuracy": 0.6666666666666666,
        "f1": 0.6666666666666666,
        "precision": 0.6666666666666666,
        "recall": 0.6666666666666666
    },
    "run_time": 395.985775979,
    "average_explanation_time": 5.082913026894737
}