{
    "accuracy_metrics": {
        "f1": 0.04678362573099415,
        "precision": 0.03508771929824561,
        "recall": 0.07017543859649122
    },
    "run_time": 178.70776048599987,
    "average_explanation_time": 0.7332022165000014
}