{
    "accuracy_metrics": {
        "f1": 0.6432748538011696,
        "precision": 0.4824561403508772,
        "recall": 0.9649122807017544
    },
    "run_time": 178.6977151279998,
    "average_explanation_time": 0.7357758900833368
}