{
    "accuracy_metrics": {
        "f1": 0.0,
        "precision": 0.0,
        "recall": 0.0
    },
    "run_time": 322.4467115059997,
    "average_explanation_time": 0.40439924666666505
}