{
    "accuracy_metrics": {
        "f1": 0.5964912280701755,
        "precision": 0.4473684210526316,
        "recall": 0.8947368421052632
    },
    "run_time": 322.55174831299973,
    "average_explanation_time": 0.43173133633333466
}