{
    "accuracy_metrics": {
        "accuracy": 0.22807017543859648,
        "f1": 0.22807017543859648,
        "precision": 0.22807017543859648,
        "recall": 0.22807017543859648
    },
    "run_time": 187.49967090299992,
    "average_explanation_time": 1.5480968105614041
}