{
    "accuracy_metrics": {
        "accuracy": 0.5789473684210527,
        "f1": 0.5789473684210527,
        "precision": 0.5789473684210527,
        "recall": 0.5789473684210527
    },
    "run_time": 181.7060490670001,
    "average_explanation_time": 1.3997859531228065
}