{
    "accuracy_metrics": {
        "f1": 0.0,
        "precision": 0.0,
        "recall": 0.0
    },
    "run_time": 317.21773655200013,
    "average_explanation_time": 0.02464098625000884
}