{
    "accuracy_metrics": {
        "accuracy": 0.21052631578947367,
        "f1": 0.21052631578947367,
        "precision": 0.21052631578947367,
        "recall": 0.21052631578947367
    },
    "run_time": 1031.1615423629992,
    "average_explanation_time": 16.717484104122807
}