{
    "accuracy_metrics": {
        "f1": 0.0,
        "precision": 0.0,
        "recall": 0.0
    },
    "run_time": 33.32721765400015,
    "average_explanation_time": 0.016527618000001354
}