{
    "accuracy_metrics": {
        "accuracy": 0.78,
        "f1": 0.78,
        "precision": 0.78,
        "recall": 0.78
    },
    "run_time": 367.938474992,
    "average_explanation_time": 2.206083790666667
}