{
    "accuracy_metrics": {
        "accuracy": 1.0,
        "f1": 1.0,
        "precision": 1.0,
        "recall": 1.0
    },
    "run_time": 27.831770807000005,
    "average_explanation_time": 1.3142071343333335
}