{
    "run_time": 27.831770807000005,
    "out_attribs": [
        {
            "X0": 0.6300218918771252,
            "X1": 0.2389405291670714,
            "X2": 0.8337655576334215,
            "X3": 4.142307321987462,
            "X4": -2.8945802605730213
        },
        {
            "X0": -0.5906838135318027,
            "X1": 0.7360060062909601,
            "X2": 2.2490716268106468,
            "X3": -0.5953870242661753,
            "X4": -1.1880275584653064
        },
        {
            "X0": -0.34905687844704447,
            "X1": 0.030657489438285307,
            "X2": 2.528774638332371,
            "X3": -0.4072078939579215,
            "X4": -1.3549832529709678
        }
    ],
    "outlier_index": [
        14,
        49,
        75
    ]
}