{
    "accuracy_metrics": {
        "accuracy": 0.22807017543859648,
        "f1": 0.22807017543859648,
        "precision": 0.22807017543859648,
        "recall": 0.22807017543859648
    },
    "run_time": 348.9956354840001,
    "average_explanation_time": 2.1457738143333334
}