{
    "accuracy_metrics": {
        "f1": 0.3977272727272727,
        "precision": 0.25,
        "recall": 0.9722222222222222
    },
    "run_time": 82.59849190300002,
    "average_explanation_time": 5.831045455799998
}