{
    "accuracy_metrics": {
        "f1": 0.2222222222222222,
        "precision": 0.16666666666666666,
        "recall": 0.3333333333333333
    },
    "run_time": 27.274652184999923,
    "average_explanation_time": 0.3858381600000005
}