{
    "accuracy_metrics": {
        "accuracy": 0.19298245614035087,
        "f1": 0.19298245614035087,
        "precision": 0.19298245614035087,
        "recall": 0.19298245614035087
    },
    "run_time": 1817.9376899260005,
    "average_explanation_time": 30.833017770192978
}