{
    "accuracy_metrics": {
        "f1": 0.4,
        "precision": 0.25,
        "recall": 1.0
    },
    "run_time": 347.63865388299973,
    "average_explanation_time": 2.1439420625833283
}