{
    "accuracy_metrics": {
        "accuracy": 0.5,
        "f1": 0.5,
        "precision": 0.5,
        "recall": 0.5
    },
    "run_time": 33.48483715100019,
    "average_explanation_time": 1.1375595938333334
}