{
    "accuracy_metrics": {
        "f1": 0.4,
        "precision": 0.25,
        "recall": 1.0
    },
    "run_time": 32.47047761600015,
    "average_explanation_time": 1.9926933089999999
}