{
    "accuracy_metrics": {
        "accuracy": 0.5964912280701754,
        "f1": 0.5964912280701754,
        "precision": 0.5964912280701754,
        "recall": 0.5964912280701754
    },
    "run_time": 181.51040925499996,
    "average_explanation_time": 1.4126765948771933
}