{
    "accuracy_metrics": {
        "f1": 1.0,
        "precision": 1.0,
        "recall": 1.0
    },
    "run_time": 286.4916010529996,
    "average_explanation_time": 0.006217247714286735
}