{
    "accuracy_metrics": {
        "f1": 0.0,
        "precision": 0.0,
        "recall": 0.0
    },
    "run_time": 286.382487719,
    "average_explanation_time": 0.006369478142857366
}