{
    "accuracy_metrics": {
        "f1": 0.0,
        "precision": 0.0,
        "recall": 0.0
    },
    "run_time": 181.527301581,
    "average_explanation_time": 0.009401223500002054
}