{
    "accuracy_metrics": {
        "f1": 1.0,
        "precision": 1.0,
        "recall": 1.0
    },
    "run_time": 181.769654617,
    "average_explanation_time": 0.009340476916660734
}