{
    "accuracy_metrics": {
        "f1": 0.0,
        "precision": 0.0,
        "recall": 0.0
    },
    "run_time": 181.83431826000003,
    "average_explanation_time": 0.00875828308333452
}