{
    "accuracy_metrics": {
        "accuracy": 0.24561403508771928,
        "f1": 0.24561403508771928,
        "precision": 0.24561403508771928,
        "recall": 0.24561403508771928
    },
    "run_time": 212.13892462700005,
    "average_explanation_time": 1.865389763982455
}