{
    "accuracy_metrics": {
        "accuracy": 0.8596491228070176,
        "f1": 0.8596491228070176,
        "precision": 0.8596491228070176,
        "recall": 0.8596491228070176
    },
    "run_time": 377.47607803200026,
    "average_explanation_time": 4.561589974526316
}