{
    "accuracy_metrics": {
        "f1": 0.0,
        "precision": 0.0,
        "recall": 0.0
    },
    "run_time": 83.34621169799999,
    "average_explanation_time": 0.04230526899999916
}