{
    "accuracy_metrics": {
        "f1": 1.0,
        "precision": 1.0,
        "recall": 1.0
    },
    "run_time": 346.8423588550004,
    "average_explanation_time": 0.010263306416664028
}