{
    "accuracy_metrics": {
        "accuracy": 0.7719298245614035,
        "f1": 0.7719298245614035,
        "precision": 0.7719298245614035,
        "recall": 0.7719298245614035
    },
    "run_time": 386.2897455450002,
    "average_explanation_time": 4.7802364638421055
}