{
    "accuracy_metrics": {
        "f1": 0.5497076023391813,
        "precision": 0.41228070175438597,
        "recall": 0.8245614035087719
    },
    "run_time": 346.52811111499994,
    "average_explanation_time": 1.0090716324166682
}