{
    "accuracy_metrics": {
        "accuracy": 0.6842105263157895,
        "f1": 0.6842105263157895,
        "precision": 0.6842105263157895,
        "recall": 0.6842105263157895
    },
    "run_time": 1763.525760990001,
    "average_explanation_time": 30.300568633157894
}