{
    "accuracy_metrics": {
        "f1": 0.4,
        "precision": 0.25,
        "recall": 1.0
    },
    "run_time": 91.96614510400008,
    "average_explanation_time": 10.3213862906
}