{
    "accuracy_metrics": {
        "f1": 0.0,
        "precision": 0.0,
        "recall": 0.0
    },
    "run_time": 205.84814790100017,
    "average_explanation_time": 0.00801755273333337
}