{
    "accuracy_metrics": {
        "f1": 0.0,
        "precision": 0.0,
        "recall": 0.0
    },
    "run_time": 205.96991431900005,
    "average_explanation_time": 0.007102481800000741
}