{
    "accuracy_metrics": {
        "f1": 1.0,
        "precision": 1.0,
        "recall": 1.0
    },
    "run_time": 205.8861718349999,
    "average_explanation_time": 0.0075664441333366025
}