{
    "accuracy_metrics": {
        "f1": 0.4,
        "precision": 0.25,
        "recall": 1.0
    },
    "run_time": 323.6715524860001,
    "average_explanation_time": 1.1429094095000056
}