{
    "accuracy_metrics": {
        "f1": 0.0,
        "precision": 0.0,
        "recall": 0.0
    },
    "run_time": 24.79684221799971,
    "average_explanation_time": 0.1409898690000002
}