{
    "accuracy_metrics": {
        "f1": 0.0,
        "precision": 0.0,
        "recall": 0.0
    },
    "run_time": 33.330242464999856,
    "average_explanation_time": 0.027584943000000806
}