{
    "accuracy_metrics": {
        "accuracy": 0.6666666666666666,
        "f1": 0.6666666666666666,
        "precision": 0.6666666666666666,
        "recall": 0.6666666666666666
    },
    "run_time": 33.00199481999999,
    "average_explanation_time": 0.8016327046666666
}