{
    "accuracy_metrics": {
        "f1": 1.0,
        "precision": 1.0,
        "recall": 1.0
    },
    "run_time": 322.66657432600005,
    "average_explanation_time": 0.008291254250001026
}