{
    "accuracy_metrics": {
        "f1": 0.5497076023391813,
        "precision": 0.41228070175438597,
        "recall": 0.8245614035087719
    },
    "run_time": 286.56631064499925,
    "average_explanation_time": 0.4032978834761868
}