{
    "accuracy_metrics": {
        "f1": 0.0,
        "precision": 0.0,
        "recall": 0.0
    },
    "run_time": 286.63941483599956,
    "average_explanation_time": 0.44291606495238445
}