{
    "accuracy_metrics": {
        "f1": 0.14035087719298245,
        "precision": 0.10526315789473684,
        "recall": 0.21052631578947367
    },
    "run_time": 286.58976434600027,
    "average_explanation_time": 0.4058527091428542
}