{
    "accuracy_metrics": {
        "f1": 0.631578947368421,
        "precision": 0.47368421052631576,
        "recall": 0.9473684210526315
    },
    "run_time": 119.54896106199999,
    "average_explanation_time": 1.1504913014999971
}