{
    "accuracy_metrics": {
        "f1": 0.07100591715976332,
        "precision": 0.05357142857142857,
        "recall": 0.10526315789473684
    },
    "run_time": 119.54668405200005,
    "average_explanation_time": 1.1429930558749977
}