{
    "accuracy_metrics": {
        "f1": 0.1923076923076923,
        "precision": 0.10869565217391304,
        "recall": 0.8333333333333334
    },
    "run_time": 32.506840872,
    "average_explanation_time": 2.8228597839999985
}