{
    "accuracy_metrics": {
        "accuracy": 0.7192982456140351,
        "f1": 0.7192982456140351,
        "precision": 0.7192982456140351,
        "recall": 0.7192982456140351
    },
    "run_time": 348.37830888499957,
    "average_explanation_time": 3.0079259144561417
}