{
    "accuracy_metrics": {
        "accuracy": 0.8888888888888888,
        "f1": 0.8888888888888888,
        "precision": 0.8888888888888888,
        "recall": 0.8888888888888888
    },
    "run_time": 181.68372044600005,
    "average_explanation_time": 4.354110333222222
}