{
    "accuracy_metrics": {
        "accuracy": 0.9298245614035088,
        "f1": 0.9298245614035088,
        "precision": 0.9298245614035088,
        "recall": 0.9298245614035088
    },
    "run_time": 323.3788259779999,
    "average_explanation_time": 0.12500874135087783
}