{
    "accuracy_metrics": {
        "f1": 0.0,
        "precision": 0.0,
        "recall": 0.0
    },
    "run_time": 178.56694563300016,
    "average_explanation_time": 0.009638020833334574
}