{
    "accuracy_metrics": {
        "f1": 0.0,
        "precision": 0.0,
        "recall": 0.0
    },
    "run_time": 178.50341934400012,
    "average_explanation_time": 0.010555194916666307
}