{
    "accuracy_metrics": {
        "f1": 1.0,
        "precision": 1.0,
        "recall": 1.0
    },
    "run_time": 178.60583965099977,
    "average_explanation_time": 0.010050061666670551
}