{
    "accuracy_metrics": {
        "accuracy": 0.9473684210526315,
        "f1": 0.9473684210526315,
        "precision": 0.9473684210526315,
        "recall": 0.9473684210526315
    },
    "run_time": 289.3580988200001,
    "average_explanation_time": 0.2023281199122821
}