{
    "accuracy_metrics": {
        "f1": 0.6666666666666666,
        "precision": 0.5,
        "recall": 1.0
    },
    "run_time": 322.76987254799997,
    "average_explanation_time": 1.123367068333336
}