{
    "accuracy_metrics": {
        "f1": 0.0935672514619883,
        "precision": 0.07017543859649122,
        "recall": 0.14035087719298245
    },
    "run_time": 322.53449086099954,
    "average_explanation_time": 0.9683111652500003
}