{
    "accuracy_metrics": {
        "f1": 0.0,
        "precision": 0.0,
        "recall": 0.0
    },
    "run_time": 32.469995261999884,
    "average_explanation_time": 1.9386842479999977
}