{
    "run_time": 25.807501244000377,
    "median_attribs": [
        {
            "X0": 0.4363966912987448,
            "X1": 0.0952795297780215,
            "X2": 0.13638138355555335,
            "X3": 0.08218741307559756,
            "X4": -0.5923471830770786
        }
    ],
    "outlier_index": [
        12
    ]
}