{
    "accuracy_metrics": {
        "accuracy": 0.9122807017543859,
        "f1": 0.9122807017543859,
        "precision": 0.9122807017543859,
        "recall": 0.9122807017543859
    },
    "run_time": 324.1349400869999,
    "average_explanation_time": 1.893547580649123
}