{
    "accuracy_metrics": {
        "accuracy": 0.16666666666666666,
        "f1": 0.16666666666666666,
        "precision": 0.16666666666666666,
        "recall": 0.16666666666666666
    },
    "run_time": 128.73202779200074,
    "average_explanation_time": 17.876774061833334
}