{
    "accuracy_metrics": {
        "accuracy": 0.8421052631578947,
        "f1": 0.8421052631578947,
        "precision": 0.8421052631578947,
        "recall": 0.8421052631578947
    },
    "run_time": 324.0346846760001,
    "average_explanation_time": 1.8566231311578956
}